"","URL"
"1","https://www.sport.de/ninja-warrior/pe686004/till-adam/"
"2","https://www.sport.de/ninja-warrior/pe686074/michael-adelmann/"
"3","https://www.sport.de/ninja-warrior/pe686040/mario-aigner/"
"4","https://www.sport.de/ninja-warrior/pe686032/marius-al-ani/"
"5","https://www.sport.de/ninja-warrior/pe685898/ulfert-andres/"
"6","https://www.sport.de/ninja-warrior/pe686077/philipp-ansorge/"
"7","https://www.sport.de/ninja-warrior/pe686080/yannic-appel-malchow/"
"8","https://www.sport.de/ninja-warrior/pe686107/alix-arndt/"
"9","https://www.sport.de/ninja-warrior/pe685949/ulf-asmussen/"
"10","https://www.sport.de/ninja-warrior/pe686086/christian-balkheimer/"
"11","https://www.sport.de/ninja-warrior/pe686016/david-baer/"
"12","https://www.sport.de/ninja-warrior/pe686060/alexandru-barbu/"
"13","https://www.sport.de/ninja-warrior/pe685932/josef-bauer/"
"14","https://www.sport.de/ninja-warrior/pe685856/marcus-bay/"
"15","https://www.sport.de/ninja-warrior/pe686062/tobias-becker/"
"16","https://www.sport.de/ninja-warrior/pe686101/anja-behrens-begerow/"
"17","https://www.sport.de/ninja-warrior/pe686009/ralf-berger/"
"18","https://www.sport.de/ninja-warrior/pe686053/jonas-berndt/"
"19","https://www.sport.de/ninja-warrior/pe685896/david-binninger/"
"20","https://www.sport.de/ninja-warrior/pe685905/bastian-binz/"
"21","https://www.sport.de/ninja-warrior/pe685927/nicole-biolik/"
"22","https://www.sport.de/ninja-warrior/pe685843/christoph-birkner/"
"23","https://www.sport.de/ninja-warrior/pe686057/dominik-bittner/"
"24","https://www.sport.de/ninja-warrior/pe685846/florian-bittner/"
"25","https://www.sport.de/ninja-warrior/pe686008/uwe-bolinius/"
"26","https://www.sport.de/ninja-warrior/pe686001/marcel-boost/"
"27","https://www.sport.de/ninja-warrior/pe685874/michael-braeuer/"
"28","https://www.sport.de/ninja-warrior/pe686047/steve-brauer/"
"29","https://www.sport.de/ninja-warrior/pe685892/ralph-breit/"
"30","https://www.sport.de/ninja-warrior/pe685837/peter-bruckmueller/"
"31","https://www.sport.de/ninja-warrior/pe685933/thomas-bruesewitz/"
"32","https://www.sport.de/ninja-warrior/pe685934/viktor-bruesewitz/"
"33","https://www.sport.de/ninja-warrior/pe686103/sylwia-buczek/"
"34","https://www.sport.de/ninja-warrior/pe685922/nena-buddemeier/"
"35","https://www.sport.de/ninja-warrior/pe685909/koray-cengiz/"
"36","https://www.sport.de/ninja-warrior/pe685835/lorenzo-chimenti/"
"37","https://www.sport.de/ninja-warrior/pe686042/liam-cook/"
"38","https://www.sport.de/ninja-warrior/pe686059/david-coppeneur/"
"39","https://www.sport.de/ninja-warrior/pe685923/anja-czaika/"
"40","https://www.sport.de/ninja-warrior/pe686034/felix-dangel/"
"41","https://www.sport.de/ninja-warrior/pe686014/charly-dankwa/"
"42","https://www.sport.de/ninja-warrior/pe686012/simon-daeter/"
"43","https://www.sport.de/ninja-warrior/pe685895/konstantinos-david/"
"44","https://www.sport.de/ninja-warrior/pe686094/vivien-de-lippe/"
"45","https://www.sport.de/ninja-warrior/pe686017/tobias-diedler/"
"46","https://www.sport.de/ninja-warrior/pe685936/david-dietrich/"
"47","https://www.sport.de/ninja-warrior/pe685914/sebastian-dietz/"
"48","https://www.sport.de/ninja-warrior/pe685879/sladjan-djulabic/"
"49","https://www.sport.de/ninja-warrior/pe686039/jan-marco-donath/"
"50","https://www.sport.de/ninja-warrior/pe685882/jakob-draeger/"
"51","https://www.sport.de/ninja-warrior/pe686020/marcel-duft/"
"52","https://www.sport.de/ninja-warrior/pe686058/till-ebener/"
"53","https://www.sport.de/ninja-warrior/pe686038/oliver-edelmann/"
"54","https://www.sport.de/ninja-warrior/pe686018/john-edouard-ehlinger/"
"55","https://www.sport.de/ninja-warrior/pe685857/johann-eichholz/"
"56","https://www.sport.de/ninja-warrior/pe685842/patricio-escher/"
"57","https://www.sport.de/ninja-warrior/pe430890/matthias-fahrig/"
"58","https://www.sport.de/ninja-warrior/pe685930/yasmin-faslija/"
"59","https://www.sport.de/ninja-warrior/pe685906/dominik-ferenc/"
"60","https://www.sport.de/ninja-warrior/pe685925/dana-ferencova/"
"61","https://www.sport.de/ninja-warrior/pe686091/pamela-forster/"
"62","https://www.sport.de/ninja-warrior/pe685920/nadine-freitag/"
"63","https://www.sport.de/ninja-warrior/pe685884/johannes-frotschnig/"
"64","https://www.sport.de/ninja-warrior/pe685840/alon-gabbay/"
"65","https://www.sport.de/ninja-warrior/pe685875/patrick-garenfeld/"
"66","https://www.sport.de/ninja-warrior/pe685942/daniel-gerber/"
"67","https://www.sport.de/ninja-warrior/pe686098/ulrike-gessert/"
"68","https://www.sport.de/ninja-warrior/pe685886/the-huy-giang/"
"69","https://www.sport.de/ninja-warrior/pe686027/andreas-giedt/"
"70","https://www.sport.de/ninja-warrior/pe685871/ricardo-giehl/"
"71","https://www.sport.de/ninja-warrior/pe686030/sascha-goebel/"
"72","https://www.sport.de/ninja-warrior/pe686025/fritz-gottschalk/"
"73","https://www.sport.de/ninja-warrior/pe685907/benjamin-grams/"
"74","https://www.sport.de/ninja-warrior/pe685853/holger-gugg/"
"75","https://www.sport.de/ninja-warrior/pe685913/leroy-guse/"
"76","https://www.sport.de/ninja-warrior/pe685910/christian-hamer/"
"77","https://www.sport.de/ninja-warrior/pe684374/moritz-hans/"
"78","https://www.sport.de/ninja-warrior/pe686033/philipp-hans/"
"79","https://www.sport.de/ninja-warrior/pe686015/christian-hauck/"
"80","https://www.sport.de/ninja-warrior/pe685908/patrick-hauff/"
"81","https://www.sport.de/ninja-warrior/pe686081/julian-hausch/"
"82","https://www.sport.de/ninja-warrior/pe686105/tanja-heinzer/"
"83","https://www.sport.de/ninja-warrior/pe685929/bettina-heiss/"
"84","https://www.sport.de/ninja-warrior/pe686044/philipp-hell/"
"85","https://www.sport.de/ninja-warrior/pe686046/thaddaeus-helmreich/"
"86","https://www.sport.de/ninja-warrior/pe685833/dennis-henschel/"
"87","https://www.sport.de/ninja-warrior/pe686090/judith-hesse/"
"88","https://www.sport.de/ninja-warrior/pe686095/lina-himpel/"
"89","https://www.sport.de/handball/pe672295/gary-hines/"
"90","https://www.sport.de/ninja-warrior/pe686036/jan-hojer/"
"91","https://www.sport.de/ninja-warrior/pe686070/michael-holz/"
"92","https://www.sport.de/ninja-warrior/pe686003/daniel-hong/"
"93","https://www.sport.de/ninja-warrior/pe686024/axel-hower/"
"94","https://www.sport.de/ninja-warrior/pe686050/dirk-huefler/"
"95","https://www.sport.de/ninja-warrior/pe685918/amelie-hundrieser/"
"96","https://www.sport.de/ninja-warrior/pe685893/fadi-issa/"
"97","https://www.sport.de/ninja-warrior/pe685883/john-jennessen/"
"98","https://www.sport.de/ninja-warrior/pe686035/daniel-jung/"
"99","https://www.sport.de/ninja-warrior/pe686088/julien-jung/"
"100","https://www.sport.de/ninja-warrior/pe686092/lynn-jung/"
"101","https://www.sport.de/ninja-warrior/pe685866/sandra-jung/"
"102","https://www.sport.de/ninja-warrior/pe686110/anita-junkowitsch/"
"103","https://www.sport.de/ninja-warrior/pe686073/marcel-kahlich/"
"104","https://www.sport.de/ninja-warrior/pe685838/kevin-kapelski/"
"105","https://www.sport.de/ninja-warrior/pe685868/nina-kapitain/"
"106","https://www.sport.de/ninja-warrior/pe685937/christian-kirstges/"
"107","https://www.sport.de/ninja-warrior/pe685931/stefan-kitzel/"
"108","https://www.sport.de/ninja-warrior/pe685912/pascal-klein/"
"109","https://www.sport.de/ninja-warrior/pe686000/mario-klintworth/"
"110","https://www.sport.de/ninja-warrior/pe685939/simon-knitter/"
"111","https://www.sport.de/ninja-warrior/pe686023/kostja-konstantynovski/"
"112","https://www.sport.de/ninja-warrior/pe686078/andre-kreisel/"
"113","https://www.sport.de/ninja-warrior/pe686002/jury-kruber/"
"114","https://www.sport.de/ninja-warrior/pe685944/nico-krueger/"
"115","https://www.sport.de/ninja-warrior/pe685887/dennis-kubon/"
"116","https://www.sport.de/ninja-warrior/pe686084/witalij-kuehne/"
"117","https://www.sport.de/ninja-warrior/pe686011/mirko-kuenstler/"
"118","https://www.sport.de/ninja-warrior/pe686006/emil-kusmirek/"
"119","https://www.sport.de/ninja-warrior/pe686114/sandra-lamla/"
"120","https://www.sport.de/ninja-warrior/pe686108/carolin-lasota/"
"121","https://www.sport.de/ninja-warrior/pe685845/johannes-lau/"
"122","https://www.sport.de/fussball/pe43183/thorsten-legat/"
"123","https://www.sport.de/ninja-warrior/pe686065/kevin-lehmann/"
"124","https://www.sport.de/ninja-warrior/pe686013/jens-lintow/"
"125","https://www.sport.de/ninja-warrior/pe686093/karoline-lorenc/"
"126","https://www.sport.de/ninja-warrior/pe685826/robert-maaser/"
"127","https://www.sport.de/ninja-warrior/pe686558/bengt-hjalte-mader/"
"128","https://www.sport.de/ninja-warrior/pe685867/mia-manojlovic/"
"129","https://www.sport.de/ninja-warrior/pe685924/maria-marinos/"
"130","https://www.sport.de/ninja-warrior/pe686022/marc-markowski/"
"131","https://www.sport.de/ninja-warrior/pe685943/patrick-masivi/"
"132","https://www.sport.de/ninja-warrior/pe685869/jaqueline-maeuser/"
"133","https://www.sport.de/ninja-warrior/pe685935/bertrand-mbi/"
"134","https://www.sport.de/ninja-warrior/pe685834/benjamin-melzer/"
"135","https://www.sport.de/ninja-warrior/pe685849/ademir-memic/"
"136","https://www.sport.de/ninja-warrior/pe686028/lukas-meyer/"
"137","https://www.sport.de/ninja-warrior/pe686097/teresa-meyer/"
"138","https://www.sport.de/ninja-warrior/pe685911/yves-meyer/"
"139","https://www.sport.de/ninja-warrior/pe685947/jerome-michels/"
"140","https://www.sport.de/ninja-warrior/pe685946/thorsten-michels/"
"141","https://www.sport.de/ninja-warrior/pe685902/hewad-miraky/"
"142","https://www.sport.de/ninja-warrior/pe685903/largun-miraky/"
"143","https://www.sport.de/ninja-warrior/pe685941/marvin-mitterhuber/"
"144","https://www.sport.de/ninja-warrior/pe686051/patrick-montenegro/"
"145","https://www.sport.de/ninja-warrior/pe685900/constantin-motzigemba/"
"146","https://www.sport.de/ninja-warrior/pe686089/jessica-mueller/"
"147","https://www.sport.de/ninja-warrior/pe685880/herwig-natmessnig/"
"148","https://www.sport.de/ninja-warrior/pe686072/christian-neffgen/"
"149","https://www.sport.de/ninja-warrior/pe685917/michael-neller/"
"150","https://www.sport.de/ninja-warrior/pe686026/robert-nevermann/"
"151","https://www.sport.de/ninja-warrior/pe685848/michael-nickels/"
"152","https://www.sport.de/ninja-warrior/pe686055/kajetan-nierychlewski/"
"153","https://www.sport.de/ninja-warrior/pe686056/tymek-nierychlewski/"
"154","https://www.sport.de/ninja-warrior/pe686029/volker-noll/"
"155","https://www.sport.de/ninja-warrior/pe685919/sara-nosrati/"
"156","https://www.sport.de/ninja-warrior/pe686100/viviane-obenauf/"
"157","https://www.sport.de/ninja-warrior/pe685851/rene-ortner/"
"158","https://www.sport.de/ninja-warrior/pe685888/mirco-osting/"
"159","https://www.sport.de/ninja-warrior/pe686066/hassib-can-pektas/"
"160","https://www.sport.de/ninja-warrior/pe685862/malin-pettersson/"
"161","https://www.sport.de/ninja-warrior/pe685904/luca-polaschke/"
"162","https://www.sport.de/ninja-warrior/pe686068/igor-polisski/"
"163","https://www.sport.de/ninja-warrior/pe685928/kristina-ponomareva/"
"164","https://www.sport.de/ninja-warrior/pe685839/rene-poprawa/"
"165","https://www.sport.de/ninja-warrior/pe685872/nikolai-pourraki/"
"166","https://www.sport.de/ninja-warrior/pe685938/julian-prokoph/"
"167","https://www.sport.de/ninja-warrior/pe685852/arianit-rama/"
"168","https://www.sport.de/ninja-warrior/pe685916/hannes-rennau/"
"169","https://www.sport.de/ninja-warrior/pe686010/pierre-renz/"
"170","https://www.sport.de/ninja-warrior/pe685861/viola-riechert/"
"171","https://www.sport.de/ninja-warrior/pe685858/desiree-rieger/"
"172","https://www.sport.de/ninja-warrior/pe685921/cora-robinson-werner/"
"173","https://www.sport.de/ninja-warrior/pe686031/justin-rodney/"
"174","https://www.sport.de/ninja-warrior/pe686054/alfredo-roldan-minaya/"
"175","https://www.sport.de/ninja-warrior/pe686083/kevin-rutkowski/"
"176","https://www.sport.de/ninja-warrior/pe686111/isabell-sabellek/"
"177","https://www.sport.de/ninja-warrior/pe685881/luke-schaepers/"
"178","https://www.sport.de/ninja-warrior/pe686064/matti-schaffran/"
"179","https://www.sport.de/ninja-warrior/pe685844/paul-schall/"
"180","https://www.sport.de/ninja-warrior/pe686019/stefan-scherf/"
"181","https://www.sport.de/ninja-warrior/pe685885/bertolt-schirmacher/"
"182","https://www.sport.de/ninja-warrior/pe686087/joern-schloenvoigt/"
"183","https://www.sport.de/ninja-warrior/pe686075/daniel-schmidt/"
"184","https://www.sport.de/ninja-warrior/pe685865/nathalie-schmidt/"
"185","https://www.sport.de/ninja-warrior/pe686063/rene-schmidt/"
"186","https://www.sport.de/ninja-warrior/pe686106/xenia-schnebel/"
"187","https://www.sport.de/ninja-warrior/pe685926/martina-schneberger/"
"188","https://www.sport.de/ninja-warrior/pe685864/elisabeth-scholl/"
"189","https://www.sport.de/ninja-warrior/pe685859/danica-schoen/"
"190","https://www.sport.de/ninja-warrior/pe685860/janina-schoen/"
"191","https://www.sport.de/ninja-warrior/pe685901/daniel-schrader/"
"192","https://www.sport.de/ninja-warrior/pe685855/patrik-schultheis/"
"193","https://www.sport.de/ninja-warrior/pe686048/sascha-schultz/"
"194","https://www.sport.de/ninja-warrior/pe685836/dennis-schumacher/"
"195","https://www.sport.de/ninja-warrior/pe685847/boris-schwarz/"
"196","https://www.sport.de/ninja-warrior/pe686061/patrick-schwegler/"
"197","https://www.sport.de/ninja-warrior/pe685876/dennis-seibel/"
"198","https://www.sport.de/ninja-warrior/pe686045/christian-sistarovic/"
"199","https://www.sport.de/ninja-warrior/pe685891/jan-sokolowsky/"
"200","https://www.sport.de/ninja-warrior/pe685948/patrick-sonderegger/"
"201","https://www.sport.de/ninja-warrior/pe685877/max-sprenger/"
"202","https://www.sport.de/ninja-warrior/pe685870/philipp-stehler/"
"203","https://www.sport.de/ninja-warrior/pe686112/julia-antonia-stransky/"
"204","https://www.sport.de/ninja-warrior/pe686113/roxana-strasser/"
"205","https://www.sport.de/ninja-warrior/pe686076/norwin-stuffer/"
"206","https://www.sport.de/ninja-warrior/pe686109/evelyn-szepa/"
"207","https://www.sport.de/ninja-warrior/pe686079/thomas-tauporn/"
"208","https://www.sport.de/ninja-warrior/pe686007/ciya-taycimen/"
"209","https://www.sport.de/ninja-warrior/pe686099/petra-ter-haar/"
"210","https://www.sport.de/ninja-warrior/pe686041/daniel-tex/"
"211","https://www.sport.de/ninja-warrior/pe686096/laura-torre/"
"212","https://www.sport.de/ninja-warrior/pe686067/arash-vaezi/"
"213","https://www.sport.de/ninja-warrior/pe685889/lukas-vernaldi/"
"214","https://www.sport.de/ninja-warrior/pe686104/gunda-fiona-von-bachhaus/"
"215","https://www.sport.de/ninja-warrior/pe685841/minh-vu/"
"216","https://www.sport.de/ninja-warrior/pe685945/tim-wacker/"
"217","https://www.sport.de/ninja-warrior/pe686021/rene-weigl/"
"218","https://www.sport.de/ninja-warrior/pe686102/melissa-wenk/"
"219","https://www.sport.de/ninja-warrior/pe686102/melissa-wenk/"
"220","https://www.sport.de/ninja-warrior/pe685850/manuel-werling/"
"221","https://www.sport.de/ninja-warrior/pe686043/andre-wesemann/"
"222","https://www.sport.de/ninja-warrior/pe685863/nicole-wesner/"
"223","https://www.sport.de/ninja-warrior/pe686037/felix-wiesner/"
"224","https://www.sport.de/ninja-warrior/pe685894/robert-wilken/"
"225","https://www.sport.de/ninja-warrior/pe686049/veit-wodicka/"
"226","https://www.sport.de/ninja-warrior/pe685878/andreas-woehle/"
"227","https://www.sport.de/ninja-warrior/pe686071/michael-wohlfart/"
"228","https://www.sport.de/ninja-warrior/pe685897/robin-wolfinger/"
"229","https://www.sport.de/ninja-warrior/pe685940/david-wollschlaeger/"
"230","https://www.sport.de/ninja-warrior/pe686085/alexander-wurm/"
"231","https://www.sport.de/ninja-warrior/pe685915/george-yousef/"
"232","https://www.sport.de/ninja-warrior/pe685899/michael-yusuf/"
"233","https://www.sport.de/ninja-warrior/pe686005/konstantin-maria-zierl/"
"234","https://www.sport.de/ninja-warrior/pe685890/philipp-zierl/"
"235","https://www.sport.de/ninja-warrior/pe685854/waldemar-zimbelmann/"
"236","https://www.sport.de/ninja-warrior/pe686082/florian-zumkehr/"
"237","https://www.sport.de/ninja-warrior/pe686375/mike--/"
"238","https://www.sport.de/ninja-warrior/pe686424/aydin-agirdas/"
"239","https://www.sport.de/ninja-warrior/pe686520/bahier-ahmad/"
"240","https://www.sport.de/ninja-warrior/pe686386/kaya-albach/"
"241","https://www.sport.de/ninja-warrior/pe686467/oguzhan-albayrak/"
"242","https://www.sport.de/ninja-warrior/pe686556/veselin-angelov/"
"243","https://www.sport.de/ninja-warrior/pe686497/florian-apler/"
"244","https://www.sport.de/ninja-warrior/pe686327/celina-atzori/"
"245","https://www.sport.de/ninja-warrior/pe686326/sandro-atzori/"
"246","https://www.sport.de/ninja-warrior/pe686543/marco-augustin/"
"247","https://www.sport.de/ninja-warrior/pe686325/felix-aurig/"
"248","https://www.sport.de/ninja-warrior/pe686463/sabrina-avarello/"
"249","https://www.sport.de/ninja-warrior/pe686367/alexander-averdunk/"
"250","https://www.sport.de/ninja-warrior/pe705711/patrick-bach/"
"251","https://www.sport.de/ninja-warrior/pe686513/lukas-bacher/"
"252","https://www.sport.de/ninja-warrior/pe705747/liz-baffoe/"
"253","https://www.sport.de/ninja-warrior/pe686484/alexej-balzer/"
"254","https://www.sport.de/ninja-warrior/pe686563/samara-bannikov/"
"255","https://www.sport.de/ninja-warrior/pe686506/marcelk-baer/"
"256","https://www.sport.de/ninja-warrior/pe686377/edgar-luis-barrenechea-arias/"
"257","https://www.sport.de/ninja-warrior/pe686320/dennis-barth/"
"258","https://www.sport.de/ninja-warrior/pe686427/natalie-baertschi/"
"259","https://www.sport.de/fussball/pe40661/mario-basler/"
"260","https://www.sport.de/ninja-warrior/pe686526/daniela-baumann/"
"261","https://www.sport.de/ninja-warrior/pe686248/omid-bayat/"
"262","https://www.sport.de/ninja-warrior/pe686370/aleksandra-beese/"
"263","https://www.sport.de/ninja-warrior/pe686353/oliver-bergerhausen/"
"264","https://www.sport.de/ninja-warrior/pe686182/jessica-bertermann/"
"265","https://www.sport.de/ninja-warrior/pe686492/robert-blankenburg/"
"266","https://www.sport.de/ninja-warrior/pe686435/christian-blietz/"
"267","https://www.sport.de/ninja-warrior/pe686385/marlene-bohny/"
"268","https://www.sport.de/ninja-warrior/pe686429/rene-boerner/"
"269","https://www.sport.de/ninja-warrior/pe35221/philipp-boy/"
"270","https://www.sport.de/beachvolleyball/pe32435/julius-brink/"
"271","https://www.sport.de/fussball/pe41109/ansgar-brinkmann/"
"272","https://www.sport.de/ninja-warrior/pe686539/daniel-brinkschroeder/"
"273","https://www.sport.de/ninja-warrior/pe686516/rene-brockmueller/"
"274","https://www.sport.de/ninja-warrior/pe686575/maximilian-brunner/"
"275","https://www.sport.de/ninja-warrior/pe686505/simon-brunner/"
"276","https://www.sport.de/ninja-warrior/pe686372/florian-buechner/"
"277","https://www.sport.de/ninja-warrior/pe686514/david-burnell/"
"278","https://www.sport.de/ninja-warrior/pe686462/sam-buersner/"
"279","https://www.sport.de/ninja-warrior/pe686482/ardian-cakay/"
"280","https://www.sport.de/ninja-warrior/pe705718/isaac-caldiero/"
"281","https://www.sport.de/ninja-warrior/pe686464/line-calgaro/"
"282","https://www.sport.de/ninja-warrior/pe686416/christian-cambeis/"
"283","https://www.sport.de/ninja-warrior/pe686567/taner-can/"
"284","https://www.sport.de/ninja-warrior/pe686500/mario-capun/"
"285","https://www.sport.de/ninja-warrior/pe686380/lars-carius/"
"286","https://www.sport.de/ninja-warrior/pe686559/rene-casselly/"
"287","https://www.sport.de/ninja-warrior/pe686363/saikou-ceesay/"
"288","https://www.sport.de/ninja-warrior/pe686355/matthias-clementi/"
"289","https://www.sport.de/ninja-warrior/pe686573/mandy-czieschowitz/"
"290","https://www.sport.de/ninja-warrior/pe686342/can-dar/"
"291","https://www.sport.de/ninja-warrior/pe686430/ryan-de-guzman/"
"292","https://www.sport.de/ninja-warrior/pe686401/matheus-gomes-de-sousa/"
"293","https://www.sport.de/ninja-warrior/pe686420/daniel-decker/"
"294","https://www.sport.de/ninja-warrior/pe686522/jan-decker/"
"295","https://www.sport.de/ninja-warrior/pe686536/katharina-deltow/"
"296","https://www.sport.de/ninja-warrior/pe686368/crocifisso-di-liberto/"
"297","https://www.sport.de/ninja-warrior/pe686477/frank-diemert/"
"298","https://www.sport.de/ninja-warrior/pe686562/hannah-dollinger/"
"299","https://www.sport.de/ninja-warrior/pe686494/ronald-drummond/"
"300","https://www.sport.de/ninja-warrior/pe705746/beatrice-egli/"
"301","https://www.sport.de/ninja-warrior/pe686554/roland-eickhoff/"
"302","https://www.sport.de/ninja-warrior/pe686177/david-eilenstein/"
"303","https://www.sport.de/ninja-warrior/pe686535/felix-eiler/"
"304","https://www.sport.de/ninja-warrior/pe686233/yasin-el-azzazy/"
"305","https://www.sport.de/ninja-warrior/pe686461/kenan-engerini/"
"306","https://www.sport.de/ninja-warrior/pe686347/julia-ernhofer/"
"307","https://www.sport.de/ninja-warrior/pe686515/ranim-fallaha/"
"308","https://www.sport.de/ninja-warrior/pe686448/noah-faulstich/"
"309","https://www.sport.de/ninja-warrior/pe686418/maik-faupel/"
"310","https://www.sport.de/ninja-warrior/pe686449/samuel-faustich/"
"311","https://www.sport.de/ninja-warrior/pe686540/moritz-feuchtmeir/"
"312","https://www.sport.de/ninja-warrior/pe686459/andreas-floegel/"
"313","https://www.sport.de/ninja-warrior/pe686460/luca-floegel/"
"314","https://www.sport.de/ninja-warrior/pe686507/christian-formella/"
"315","https://www.sport.de/ninja-warrior/pe686441/santiago-franco-castillo/"
"316","https://www.sport.de/ninja-warrior/pe686518/nico-freiherr-von-lerchenfeld/"
"317","https://www.sport.de/ninja-warrior/pe686378/dominik-friedl/"
"318","https://www.sport.de/ninja-warrior/pe686524/yasmin-galati/"
"319","https://www.sport.de/ninja-warrior/pe686394/edem-galley/"
"320","https://www.sport.de/ninja-warrior/pe686151/klaus-gaertner/"
"321","https://www.sport.de/ninja-warrior/pe686517/lukas-gastl/"
"322","https://www.sport.de/ninja-warrior/pe686564/john-paul-gawallek/"
"323","https://www.sport.de/ninja-warrior/pe686387/sven-gedike/"
"324","https://www.sport.de/ninja-warrior/pe686322/fedja-gerke/"
"325","https://www.sport.de/ninja-warrior/pe686425/kassandra-geyer/"
"326","https://www.sport.de/ninja-warrior/pe686533/florian-ghanizada/"
"327","https://www.sport.de/ninja-warrior/pe686544/david-goldberg/"
"328","https://www.sport.de/ninja-warrior/pe686521/noah-graef/"
"329","https://www.sport.de/ninja-warrior/pe686502/licinia-greber/"
"330","https://www.sport.de/ninja-warrior/pe686581/marcel-gross/"
"331","https://www.sport.de/ninja-warrior/pe686501/sophia-grosse/"
"332","https://www.sport.de/ninja-warrior/pe686457/alex-grunwald/"
"333","https://www.sport.de/ninja-warrior/pe686324/kayhan-guelmez/"
"334","https://www.sport.de/ninja-warrior/pe705748/eva-habermann/"
"335","https://www.sport.de/ninja-warrior/pe686565/juergen-hackl/"
"336","https://www.sport.de/ninja-warrior/pe686419/manuel-halbisch/"
"337","https://www.sport.de/ninja-warrior/pe686496/bjoern-hallbauer/"
"338","https://www.sport.de/ninja-warrior/pe686495/sven-hallbauer/"
"339","https://www.sport.de/wintersport/pe586969/sven-hannawald/"
"340","https://www.sport.de/ninja-warrior/pe686399/christian-harmat/"
"341","https://www.sport.de/ninja-warrior/pe686421/dominic-harrison/"
"342","https://www.sport.de/ninja-warrior/pe686579/alessandro-hasler/"
"343","https://www.sport.de/fussball/pe40777/thomas-haessler/"
"344","https://www.sport.de/ninja-warrior/pe686532/michael-haussmann/"
"345","https://www.sport.de/ninja-warrior/pe686271/jescher-heidl/"
"346","https://www.sport.de/ninja-warrior/pe686272/manasse-heidl/"
"347","https://www.sport.de/ninja-warrior/pe686374/christian-heimerdinger/"
"348","https://www.sport.de/ninja-warrior/pe686546/alexej-hein/"
"349","https://www.sport.de/ninja-warrior/pe686503/denny-henkel/"
"350","https://www.sport.de/ninja-warrior/pe686572/teresa-henn/"
"351","https://www.sport.de/ninja-warrior/pe686333/manuel-hennchen/"
"352","https://www.sport.de/ninja-warrior/pe686413/maria-henneken/"
"353","https://www.sport.de/ninja-warrior/pe686442/boris-hesselmann/"
"354","https://www.sport.de/ninja-warrior/pe686444/benjamin-hiemenz/"
"355","https://www.sport.de/ninja-warrior/pe686530/tobias-hofmann/"
"356","https://www.sport.de/ninja-warrior/pe686466/afra-hoenig/"
"357","https://www.sport.de/ninja-warrior/pe686529/rainer-hoepfler/"
"358","https://www.sport.de/ninja-warrior/pe686417/marcel-hormes/"
"359","https://www.sport.de/ninja-warrior/pe686153/selina-huber/"
"360","https://www.sport.de/ninja-warrior/pe686571/lukas-hunecker/"
"361","https://www.sport.de/ninja-warrior/pe686393/florian-huter/"
"362","https://www.sport.de/ninja-warrior/pe686485/jens-impelmann/"
"363","https://www.sport.de/fussball/pe137131/paul-janke/"
"364","https://www.sport.de/ninja-warrior/pe686365/rafael-joschwiak/"
"365","https://www.sport.de/ninja-warrior/pe686379/mickael-jou/"
"366","https://www.sport.de/ninja-warrior/pe686412/anna-juchem/"
"367","https://www.sport.de/ninja-warrior/pe686373/steffen-juergens/"
"368","https://www.sport.de/ninja-warrior/pe686317/sabri-kabdani/"
"369","https://www.sport.de/ninja-warrior/pe686316/soubhi-kabdani/"
"370","https://www.sport.de/ninja-warrior/pe686561/olivia-kaluza/"
"371","https://www.sport.de/ninja-warrior/pe707969/maximilian-kaeser/"
"372","https://www.sport.de/ninja-warrior/pe686537/maresa-kassel/"
"373","https://www.sport.de/ninja-warrior/pe686422/rustem-kasso/"
"374","https://www.sport.de/ninja-warrior/pe686428/florian-kaufmann/"
"375","https://www.sport.de/ninja-warrior/pe705715/alexander-keen/"
"376","https://www.sport.de/ninja-warrior/pe686185/lilli-kiesgen/"
"377","https://www.sport.de/ninja-warrior/pe686569/dominik-kieslich/"
"378","https://www.sport.de/ninja-warrior/pe686337/chris-kiliano/"
"379","https://www.sport.de/ninja-warrior/pe686255/jun-kim/"
"380","https://www.sport.de/ninja-warrior/pe686550/sascha-kleeberger/"
"381","https://www.sport.de/ninja-warrior/pe686335/tobias-klein/"
"382","https://www.sport.de/ninja-warrior/pe686548/leander-kleinschmitz/"
"383","https://www.sport.de/ninja-warrior/pe686574/natalia-kley-wisniewska/"
"384","https://www.sport.de/ninja-warrior/pe686476/bjoern-kloster/"
"385","https://www.sport.de/ninja-warrior/pe686458/heiko-koehler/"
"386","https://www.sport.de/ninja-warrior/pe686527/ralf-koehn/"
"387","https://www.sport.de/ninja-warrior/pe686216/sarah-kopp/"
"388","https://www.sport.de/ninja-warrior/pe686345/anne-marie-kot/"
"389","https://www.sport.de/ninja-warrior/pe705712/mario-kotaska/"
"390","https://www.sport.de/ninja-warrior/pe686321/joh-a-kpalete/"
"391","https://www.sport.de/ninja-warrior/pe686329/nadine-kraemer/"
"392","https://www.sport.de/ninja-warrior/pe686525/marina-krause/"
"393","https://www.sport.de/ninja-warrior/pe686323/christopher-krauss/"
"394","https://www.sport.de/ninja-warrior/pe686512/manuel-krauthausen/"
"395","https://www.sport.de/ninja-warrior/pe686395/volkan-kuecuek/"
"396","https://www.sport.de/ninja-warrior/pe686371/alicia-kummer/"
"397","https://www.sport.de/ninja-warrior/pe686437/jens-kunze/"
"398","https://www.sport.de/ninja-warrior/pe686343/felix-kuepper/"
"399","https://www.sport.de/ninja-warrior/pe686487/kevin-kuerbisch/"
"400","https://www.sport.de/ninja-warrior/pe686318/nico-laschkowski/"
"401","https://www.sport.de/ninja-warrior/pe686392/hakob-latschinjan/"
"402","https://www.sport.de/ninja-warrior/pe686265/colin-leathers/"
"403","https://www.sport.de/ninja-warrior/pe686381/patrick-legenstein/"
"404","https://www.sport.de/ninja-warrior/pe686359/dennis-leiber/"
"405","https://www.sport.de/ninja-warrior/pe686358/rainer-leiber/"
"406","https://www.sport.de/ninja-warrior/pe686549/kenny-lewis/"
"407","https://www.sport.de/ninja-warrior/pe686445/sebastian-lierenfeld/"
"408","https://www.sport.de/ninja-warrior/pe686534/tobias-loeffler/"
"409","https://www.sport.de/ninja-warrior/pe686471/marian-loesch/"
"410","https://www.sport.de/ninja-warrior/pe686481/nicki-lubowski/"
"411","https://www.sport.de/ninja-warrior/pe686350/thomas-ludwig/"
"412","https://www.sport.de/ninja-warrior/pe686338/mike-lux-feldmann/"
"413","https://www.sport.de/ninja-warrior/pe686541/eric-magut/"
"414","https://www.sport.de/ninja-warrior/pe686439/julius-malassa/"
"415","https://www.sport.de/basketball/pe264688/andrej-mangold/"
"416","https://www.sport.de/ninja-warrior/pe686552/johannes-mann/"
"417","https://www.sport.de/ninja-warrior/pe686450/samira-mark/"
"418","https://www.sport.de/ninja-warrior/pe686465/bianca-marten/"
"419","https://www.sport.de/ninja-warrior/pe686499/frederik-miebach/"
"420","https://www.sport.de/ninja-warrior/pe686397/angelo-mihaltan/"
"421","https://www.sport.de/ninja-warrior/pe686566/juergen-milski/"
"422","https://www.sport.de/ninja-warrior/pe686498/tobias-mineiro/"
"423","https://www.sport.de/ninja-warrior/pe686469/roemellow-moore/"
"424","https://www.sport.de/ninja-warrior/pe686443/daniel-mores/"
"425","https://www.sport.de/ninja-warrior/pe686434/al-sagad-moula/"
"426","https://www.sport.de/ninja-warrior/pe686555/marcus-mueller/"
"427","https://www.sport.de/ninja-warrior/pe686341/robby-nachtigall/"
"428","https://www.sport.de/ninja-warrior/pe686431/david-nash/"
"429","https://www.sport.de/ninja-warrior/pe686531/florian-nestmann/"
"430","https://www.sport.de/ninja-warrior/pe686470/bjoern-neumann/"
"431","https://www.sport.de/ninja-warrior/pe686538/thanh-nguyen/"
"432","https://www.sport.de/ninja-warrior/pe686454/fatai-odusola/"
"433","https://www.sport.de/ninja-warrior/pe705717/gil-ofarim/"
"434","https://www.sport.de/ninja-warrior/pe686330/yvonne-olgemann/"
"435","https://www.sport.de/ninja-warrior/pe686403/dennis-ottenbacher/"
"436","https://www.sport.de/ninja-warrior/pe281591/bjoern-otto/"
"437","https://www.sport.de/ninja-warrior/pe686406/ismail-oeztuerk/"
"438","https://www.sport.de/ninja-warrior/pe686456/rainer-pacholek/"
"439","https://www.sport.de/ninja-warrior/pe686504/till-pape/"
"440","https://www.sport.de/ninja-warrior/pe686493/max-petrat/"
"441","https://www.sport.de/ninja-warrior/pe705749/panagiota-petridou/"
"442","https://www.sport.de/ninja-warrior/pe686557/pirmin-planer/"
"443","https://www.sport.de/ninja-warrior/pe705714/oliver-pocher/"
"444","https://www.sport.de/ninja-warrior/pe686472/florian-polsterer/"
"445","https://www.sport.de/ninja-warrior/pe686446/viatcheslav-popov/"
"446","https://www.sport.de/ninja-warrior/pe686560/kamila-porczyk/"
"447","https://www.sport.de/ninja-warrior/pe686542/sebastian-poeschl/"
"448","https://www.sport.de/ninja-warrior/pe686410/pascal-probst/"
"449","https://www.sport.de/ninja-warrior/pe686334/steve-pucker/"
"450","https://www.sport.de/ninja-warrior/pe686475/joel-pusitzky/"
"451","https://www.sport.de/ninja-warrior/pe686452/marina-putziger/"
"452","https://www.sport.de/ninja-warrior/pe686468/laurin-rademacher/"
"453","https://www.sport.de/ninja-warrior/pe686553/tobias-radulescu/"
"454","https://www.sport.de/ninja-warrior/pe686344/nas-rahim/"
"455","https://www.sport.de/ninja-warrior/pe686528/ingo-rasch/"
"456","https://www.sport.de/ninja-warrior/pe686426/michelle-reichrath/"
"457","https://www.sport.de/ninja-warrior/pe686508/christoph-reimers/"
"458","https://www.sport.de/ninja-warrior/pe686354/thomas-richter/"
"459","https://www.sport.de/ninja-warrior/pe686447/tim-richter/"
"460","https://www.sport.de/ninja-warrior/pe705755/lars-riedel/"
"461","https://www.sport.de/ninja-warrior/pe686570/stefan-riedel/"
"462","https://www.sport.de/ninja-warrior/pe686405/michael-rindisbacher/"
"463","https://www.sport.de/ninja-warrior/pe686404/roman-rindisbacher/"
"464","https://www.sport.de/ninja-warrior/pe686357/thomas-roeder/"
"465","https://www.sport.de/ninja-warrior/pe686483/fabian-ronjak/"
"466","https://www.sport.de/ninja-warrior/pe686491/dennis-rossmannek/"
"467","https://www.sport.de/ninja-warrior/pe686396/uwe-rothe/"
"468","https://www.sport.de/ninja-warrior/pe686197/ivo-rupena/"
"469","https://www.sport.de/ninja-warrior/pe686297/andrew-safo/"
"470","https://www.sport.de/ninja-warrior/pe686382/osniel-santos-valdivia/"
"471","https://www.sport.de/ninja-warrior/pe686346/hanne-schaechtele/"
"472","https://www.sport.de/ninja-warrior/pe686349/marcel-schaefer/"
"473","https://www.sport.de/ninja-warrior/pe686389/stefan-schaefer/"
"474","https://www.sport.de/ninja-warrior/pe686479/severin-schaubeck/"
"475","https://www.sport.de/ninja-warrior/pe686436/oliver-scheffert/"
"476","https://www.sport.de/ninja-warrior/pe686336/dominik-schindler/"
"477","https://www.sport.de/ninja-warrior/pe686509/jannik-schrank/"
"478","https://www.sport.de/ninja-warrior/pe686510/marko-schrank/"
"479","https://www.sport.de/ninja-warrior/pe686523/sebastian-schreiner/"
"480","https://www.sport.de/ninja-warrior/pe686438/daniel-schroeder/"
"481","https://www.sport.de/ninja-warrior/pe686283/arleen-schuessler/"
"482","https://www.sport.de/ninja-warrior/pe686568/eike-ramon-schwerdt/"
"483","https://www.sport.de/ninja-warrior/pe686147/johannes-schwitzgebel/"
"484","https://www.sport.de/ninja-warrior/pe686551/armin-sedlmeier/"
"485","https://www.sport.de/ninja-warrior/pe686348/robin-seeberger/"
"486","https://www.sport.de/ninja-warrior/pe686547/steve-seidel/"
"487","https://www.sport.de/ninja-warrior/pe686411/kristina-simonenko/"
"488","https://www.sport.de/ninja-warrior/pe686369/lasse-simson/"
"489","https://www.sport.de/ninja-warrior/pe705713/massimo-sinato/"
"490","https://www.sport.de/ninja-warrior/pe686328/jessica-singh/"
"491","https://www.sport.de/ninja-warrior/pe686474/ralf-sommer/"
"492","https://www.sport.de/ninja-warrior/pe686364/niklas-sonntag/"
"493","https://www.sport.de/ninja-warrior/pe686451/aylin-specker/"
"494","https://www.sport.de/ninja-warrior/pe686303/stephan-spingler/"
"495","https://www.sport.de/ninja-warrior/pe705716/detlef-steves/"
"496","https://www.sport.de/ninja-warrior/pe686488/yvonne-stolze/"
"497","https://www.sport.de/ninja-warrior/pe686478/marius-strumpen/"
"498","https://www.sport.de/ninja-warrior/pe686360/khalid-taha/"
"499","https://www.sport.de/ninja-warrior/pe686284/ada-theilken/"
"500","https://www.sport.de/ninja-warrior/pe686361/torsten-thieme/"
"501","https://www.sport.de/ninja-warrior/pe686407/falko-toetzke/"
"502","https://www.sport.de/ninja-warrior/pe686423/octavio-trindade/"
"503","https://www.sport.de/ninja-warrior/pe686415/roland-tschierschky/"
"504","https://www.sport.de/ninja-warrior/pe686390/tony-tu/"
"505","https://www.sport.de/ninja-warrior/pe686332/marius-tuetken/"
"506","https://www.sport.de/ninja-warrior/pe686383/martina-ueffing/"
"507","https://www.sport.de/ninja-warrior/pe686211/philipp-van-der-grinten/"
"508","https://www.sport.de/ninja-warrior/pe686408/johannes-veh/"
"509","https://www.sport.de/ninja-warrior/pe686577/sebastian-vogel/"
"510","https://www.sport.de/ninja-warrior/pe686473/felix-von-mallinckrodt/"
"511","https://www.sport.de/ninja-warrior/pe686582/christoph-walchhofer/"
"512","https://www.sport.de/ninja-warrior/pe686402/daniel-waltemate/"
"513","https://www.sport.de/ninja-warrior/pe686486/michael-weber/"
"514","https://www.sport.de/ninja-warrior/pe686409/dario-weis/"
"515","https://www.sport.de/ninja-warrior/pe686206/uwe-weitzer/"
"516","https://www.sport.de/ninja-warrior/pe686384/daniela-kareen-wenzel/"
"517","https://www.sport.de/ninja-warrior/pe686331/annika-werner/"
"518","https://www.sport.de/ninja-warrior/pe686339/matthias-wesemann/"
"519","https://www.sport.de/ninja-warrior/pe686351/sebastian-wicke/"
"520","https://www.sport.de/ninja-warrior/pe686489/jessica-wielens/"
"521","https://www.sport.de/ninja-warrior/pe686480/richard-wiesenhuetter/"
"522","https://www.sport.de/ninja-warrior/pe686366/niklas-wiesenzarter/"
"523","https://www.sport.de/ninja-warrior/pe686576/jens-wilke/"
"524","https://www.sport.de/ninja-warrior/pe686511/hans-peter-wimmer/"
"525","https://www.sport.de/ninja-warrior/pe686319/dominik-winkel/"
"526","https://www.sport.de/ninja-warrior/pe686356/alexander-winkler/"
"527","https://www.sport.de/ninja-warrior/pe686362/moritz-winkler/"
"528","https://www.sport.de/ninja-warrior/pe686490/laura-winterling/"
"529","https://www.sport.de/ninja-warrior/pe686455/luis-woldu/"
"530","https://www.sport.de/ninja-warrior/pe686388/johannes-wolf/"
"531","https://www.sport.de/ninja-warrior/pe686433/adrian-wullweber/"
"532","https://www.sport.de/ninja-warrior/pe686545/sebastian-wurth/"
"533","https://www.sport.de/ninja-warrior/pe686453/ali-yacoubovitch/"
"534","https://www.sport.de/ninja-warrior/pe686267/akan-akyildiz/"
"535","https://www.sport.de/ninja-warrior/pe705722/florian-ambrosius/"
"536","https://www.sport.de/ninja-warrior/pe686654/issam-amhand/"
"537","https://www.sport.de/ninja-warrior/pe686235/nicolai-anger/"
"538","https://www.sport.de/ninja-warrior/pe705719/ross-antony/"
"539","https://www.sport.de/ninja-warrior/pe686141/richard-aphery/"
"540","https://www.sport.de/ninja-warrior/pe705724/maximilian-arland/"
"541","https://www.sport.de/ninja-warrior/pe686198/falco-aversano/"
"542","https://www.sport.de/ninja-warrior/pe686591/ramazan-aydin/"
"543","https://www.sport.de/ninja-warrior/pe686611/jan-michel-bakker/"
"544","https://www.sport.de/ninja-warrior/pe686148/marco-bantele/"
"545","https://www.sport.de/ninja-warrior/pe686628/tim-barela/"
"546","https://www.sport.de/ninja-warrior/pe686201/manuel-bashir/"
"547","https://www.sport.de/ninja-warrior/pe686672/thorsten-belde/"
"548","https://www.sport.de/ninja-warrior/pe686217/rita-benker/"
"549","https://www.sport.de/ninja-warrior/pe686253/maximilian-birkner/"
"550","https://www.sport.de/ninja-warrior/pe686602/katharina-blank/"
"551","https://www.sport.de/ninja-warrior/pe686641/tobias-blothe/"
"552","https://www.sport.de/ninja-warrior/pe686202/dominik-bluhme/"
"553","https://www.sport.de/ninja-warrior/pe686677/nastassja-boecher/"
"554","https://www.sport.de/ninja-warrior/pe686184/maria-boger-mickert/"
"555","https://www.sport.de/ninja-warrior/pe686636/christina-boening/"
"556","https://www.sport.de/ninja-warrior/pe686612/oliver-brecht/"
"557","https://www.sport.de/ninja-warrior/pe691986/leo-brucklacher/"
"558","https://www.sport.de/wintersport/pe387304/lisa-marie-buckwitz/"
"559","https://www.sport.de/ninja-warrior/pe686631/yookie-budia/"
"560","https://www.sport.de/ninja-warrior/pe686262/lars-bugdahn/"
"561","https://www.sport.de/ninja-warrior/pe686200/wolfgang-burgmaier/"
"562","https://www.sport.de/ninja-warrior/pe691985/jeffrey-kouassi-byll/"
"563","https://www.sport.de/ninja-warrior/pe686281/ema-cada/"
"564","https://www.sport.de/ninja-warrior/pe686171/deniz-celik/"
"565","https://www.sport.de/ninja-warrior/pe686585/sebastian-corsten/"
"566","https://www.sport.de/ninja-warrior/pe686643/kevin-dahms/"
"567","https://www.sport.de/ninja-warrior/pe686671/dennis-decker/"
"568","https://www.sport.de/ninja-warrior/pe686606/etienne-diatta/"
"569","https://www.sport.de/ninja-warrior/pe686655/christian-diemann/"
"570","https://www.sport.de/ninja-warrior/pe686244/mary-ann-dillier/"
"571","https://www.sport.de/ninja-warrior/pe686208/hans-dirscherl/"
"572","https://www.sport.de/wintersport/pe305063/uschi-disl/"
"573","https://www.sport.de/ninja-warrior/pe686268/kien-do/"
"574","https://www.sport.de/ninja-warrior/pe686590/robert-donderer/"
"575","https://www.sport.de/ninja-warrior/pe686583/sascha-doerr/"
"576","https://www.sport.de/ninja-warrior/pe686238/tabitha-eckfeld/"
"577","https://www.sport.de/ninja-warrior/pe686592/luca-eisenhauer/"
"578","https://www.sport.de/ninja-warrior/pe686234/karim-el-azzazy/"
"579","https://www.sport.de/ninja-warrior/pe686264/mohamed-el-zein/"
"580","https://www.sport.de/ninja-warrior/pe686226/benedict-eninger/"
"581","https://www.sport.de/ninja-warrior/pe686225/vincenz-eninger/"
"582","https://www.sport.de/ninja-warrior/pe686619/giovanni-ertl/"
"583","https://www.sport.de/ninja-warrior/pe686624/eren-eski/"
"584","https://www.sport.de/ninja-warrior/pe686252/aljoscha-faske/"
"585","https://www.sport.de/ninja-warrior/pe686149/daniel-fink/"
"586","https://www.sport.de/ninja-warrior/pe686199/david-fitzke/"
"587","https://www.sport.de/ninja-warrior/pe686633/safia-flowers/"
"588","https://www.sport.de/ninja-warrior/pe705721/sebastian-fobe/"
"589","https://www.sport.de/ninja-warrior/pe686609/yol-focosi/"
"590","https://www.sport.de/ninja-warrior/pe705742/jennifer-frankhauser/"
"591","https://www.sport.de/ninja-warrior/pe686638/fabian-froehlich/"
"592","https://www.sport.de/ninja-warrior/pe686166/sergej-fuehrus/"
"593","https://www.sport.de/ninja-warrior/pe686169/nikita-gaan/"
"594","https://www.sport.de/ninja-warrior/pe686296/remo-genise/"
"595","https://www.sport.de/ninja-warrior/pe686603/fabian-geyer/"
"596","https://www.sport.de/ninja-warrior/pe686203/william-gomes-paschen/"
"597","https://www.sport.de/ninja-warrior/pe686176/peter-goepel/"
"598","https://www.sport.de/ninja-warrior/pe686286/maximilian-graf/"
"599","https://www.sport.de/ninja-warrior/pe686634/wera-rosa-grommes/"
"600","https://www.sport.de/ninja-warrior/pe686266/jan-gudde/"
"601","https://www.sport.de/ninja-warrior/pe686139/tony-guntermann/"
"602","https://www.sport.de/ninja-warrior/pe686207/jan-haberling/"
"603","https://www.sport.de/ninja-warrior/pe686143/thilo-haecker/"
"604","https://www.sport.de/ninja-warrior/pe686615/attila-hamberger/"
"605","https://www.sport.de/ninja-warrior/pe35222/fabian-hambuechen/"
"606","https://www.sport.de/ninja-warrior/pe686595/jastine-marie-hammer/"
"607","https://www.sport.de/ninja-warrior/pe705738/melissa-hannawald/"
"608","https://www.sport.de/ninja-warrior/pe705738/melissa-hannawald/"
"609","https://www.sport.de/ninja-warrior/pe686608/luca-haenni/"
"610","https://www.sport.de/ninja-warrior/pe686669/markus-heim/"
"611","https://www.sport.de/ninja-warrior/pe705740/heike-henkel/"
"612","https://www.sport.de/ninja-warrior/pe37283/carolin-tamara-hingst/"
"613","https://www.sport.de/ninja-warrior/pe686618/justin-hirsemann/"
"614","https://www.sport.de/ninja-warrior/pe686287/angelo-hoefele/"
"615","https://www.sport.de/ninja-warrior/pe686205/daniel-hofer/"
"616","https://www.sport.de/ninja-warrior/pe686145/hannes-hofer/"
"617","https://www.sport.de/ninja-warrior/pe686247/jean-tayfun-hoffmann/"
"618","https://www.sport.de/ninja-warrior/pe686152/juliane-hofmann/"
"619","https://www.sport.de/ninja-warrior/pe705741/miriam-hoeller/"
"620","https://www.sport.de/ninja-warrior/pe686142/roland-holm/"
"621","https://www.sport.de/ninja-warrior/pe686610/daniel-holzwarth/"
"622","https://www.sport.de/ninja-warrior/pe686632/felix-hornbostel/"
"623","https://www.sport.de/ninja-warrior/pe686168/maximilian-huber/"
"624","https://www.sport.de/ninja-warrior/pe686667/rene-inglese/"
"625","https://www.sport.de/ninja-warrior/pe686178/dominik-innerbichler/"
"626","https://www.sport.de/ninja-warrior/pe686586/ali-ismael/"
"627","https://www.sport.de/ninja-warrior/pe686605/thomas-jack/"
"628","https://www.sport.de/ninja-warrior/pe686189/michael-janke/"
"629","https://www.sport.de/ninja-warrior/pe686584/david-joachimstaler/"
"630","https://www.sport.de/ninja-warrior/pe686250/robin-jolitz/"
"631","https://www.sport.de/ninja-warrior/pe686616/bastian-junker/"
"632","https://www.sport.de/ninja-warrior/pe686597/laura-juentschke/"
"633","https://www.sport.de/ninja-warrior/pe686651/milano-kaiser/"
"634","https://www.sport.de/ninja-warrior/pe686223/christian-kalb/"
"635","https://www.sport.de/ninja-warrior/pe686276/katharina-kammeyer/"
"636","https://www.sport.de/ninja-warrior/pe686623/benjamin-karagoez/"
"637","https://www.sport.de/ninja-warrior/pe686167/lukas-kaufmann/"
"638","https://www.sport.de/ninja-warrior/pe686259/maximilian-kessler/"
"639","https://www.sport.de/ninja-warrior/pe686589/johannes-kilian/"
"640","https://www.sport.de/ninja-warrior/pe705720/alexander-klaws/"
"641","https://www.sport.de/ninja-warrior/pe686300/thomas-knab/"
"642","https://www.sport.de/ninja-warrior/pe686224/sebastian-koch/"
"643","https://www.sport.de/ninja-warrior/pe686666/christian-kofler/"
"644","https://www.sport.de/ninja-warrior/pe686243/sabrina-kolb/"
"645","https://www.sport.de/ninja-warrior/pe686646/chris-konushevci/"
"646","https://www.sport.de/ninja-warrior/pe686644/pascal-koronowski/"
"647","https://www.sport.de/ninja-warrior/pe686220/kevin-koester/"
"648","https://www.sport.de/ninja-warrior/pe686209/tim-kramer/"
"649","https://www.sport.de/ninja-warrior/pe686219/xheme-krasniqi/"
"650","https://www.sport.de/ninja-warrior/pe686662/christine-kring/"
"651","https://www.sport.de/ninja-warrior/pe686626/patrick-kroen/"
"652","https://www.sport.de/ninja-warrior/pe686138/alexander-kukla/"
"653","https://www.sport.de/ninja-warrior/pe686642/benjamin-kummer/"
"654","https://www.sport.de/ninja-warrior/pe686174/stefan-kuntnawitz/"
"655","https://www.sport.de/ninja-warrior/pe686173/benjamin-lauckner/"
"656","https://www.sport.de/ninja-warrior/pe686298/leon-layer/"
"657","https://www.sport.de/ninja-warrior/pe686146/mahdi-limper/"
"658","https://www.sport.de/ninja-warrior/pe686647/julian-locher/"
"659","https://www.sport.de/ninja-warrior/pe705744/heiko-lochmann/"
"660","https://www.sport.de/ninja-warrior/pe705723/roman-lochmann/"
"661","https://www.sport.de/ninja-warrior/pe705739/sarah-lombardi/"
"662","https://www.sport.de/ninja-warrior/pe686215/marion-luck/"
"663","https://www.sport.de/ninja-warrior/pe686270/peer-lueck/"
"664","https://www.sport.de/ninja-warrior/pe686278/evelyn-ludwig/"
"665","https://www.sport.de/ninja-warrior/pe686175/martin-maciejewski/"
"666","https://www.sport.de/ninja-warrior/pe686213/kim-marschner/"
"667","https://www.sport.de/ninja-warrior/pe686294/jermaine-martin/"
"668","https://www.sport.de/ninja-warrior/pe686179/joel-mattli/"
"669","https://www.sport.de/ninja-warrior/pe705725/grant-mccartney/"
"670","https://www.sport.de/ninja-warrior/pe686181/yoni-meergarten/"
"671","https://www.sport.de/ninja-warrior/pe686180/eduard-mehlmann/"
"672","https://www.sport.de/ninja-warrior/pe686673/anatoli-melnikov/"
"673","https://www.sport.de/ninja-warrior/pe686069/marcel-meyer/"
"674","https://www.sport.de/ninja-warrior/pe686186/paula-mickert/"
"675","https://www.sport.de/ninja-warrior/pe686249/finn-mottel/"
"676","https://www.sport.de/ninja-warrior/pe686263/ali-moussa/"
"677","https://www.sport.de/ninja-warrior/pe686635/bea-mueller/"
"678","https://www.sport.de/ninja-warrior/pe686192/clemens-mueller/"
"679","https://www.sport.de/ninja-warrior/pe686246/kai-mueller/"
"680","https://www.sport.de/ninja-warrior/pe686239/judith-muenter/"
"681","https://www.sport.de/ninja-warrior/pe686204/andre-naumann/"
"682","https://www.sport.de/ninja-warrior/pe686183/alicia-neumann/"
"683","https://www.sport.de/ninja-warrior/pe686674/vanessa-neumann/"
"684","https://www.sport.de/ninja-warrior/pe686658/julius-nilsson/"
"685","https://www.sport.de/ninja-warrior/pe686670/markus-obendorfer/"
"686","https://www.sport.de/ninja-warrior/pe686620/manuel-osswald/"
"687","https://www.sport.de/ninja-warrior/pe686398/jozef-pachinger/"
"688","https://www.sport.de/ninja-warrior/pe686588/gabriel-pediconi/"
"689","https://www.sport.de/ninja-warrior/pe686613/andreas-pichl/"
"690","https://www.sport.de/ninja-warrior/pe686604/michael-pieper/"
"691","https://www.sport.de/ninja-warrior/pe686665/francis-poku/"
"692","https://www.sport.de/ninja-warrior/pe686251/guenter-portale/"
"693","https://www.sport.de/ninja-warrior/pe686280/marie-pruessing/"
"694","https://www.sport.de/ninja-warrior/pe686661/simone-pyrdok/"
"695","https://www.sport.de/ninja-warrior/pe686157/clara-quintero/"
"696","https://www.sport.de/ninja-warrior/pe686301/christian-range/"
"697","https://www.sport.de/ninja-warrior/pe686269/benjamin-reichmann/"
"698","https://www.sport.de/ninja-warrior/pe686675/kyra-reinert/"
"699","https://www.sport.de/ninja-warrior/pe686664/matthias-reins/"
"700","https://www.sport.de/ninja-warrior/pe686653/david-reis/"
"701","https://www.sport.de/ninja-warrior/pe686587/marcel-remus/"
"702","https://www.sport.de/ninja-warrior/pe686663/shariq-reza/"
"703","https://www.sport.de/ninja-warrior/pe686291/pascal-ricken/"
"704","https://www.sport.de/ninja-warrior/pe686640/thomas-rindisbacher/"
"705","https://www.sport.de/ninja-warrior/pe686659/tiffany-ritter/"
"706","https://www.sport.de/ninja-warrior/pe686229/steve-rockstroh/"
"707","https://www.sport.de/ninja-warrior/pe686594/jennifer-rohde/"
"708","https://www.sport.de/ninja-warrior/pe686676/sonja-roehe/"
"709","https://www.sport.de/ninja-warrior/pe686274/jacek-romanowski/"
"710","https://www.sport.de/ninja-warrior/pe686650/alexander-roncevic/"
"711","https://www.sport.de/ninja-warrior/pe686218/marcel-rudkowski/"
"712","https://www.sport.de/ninja-warrior/pe686599/laura-schaefer/"
"713","https://www.sport.de/ninja-warrior/pe686629/jan-schaff/"
"714","https://www.sport.de/ninja-warrior/pe686630/brix-schaumburg/"
"715","https://www.sport.de/ninja-warrior/pe686596/nadja-schenkel/"
"716","https://www.sport.de/ninja-warrior/pe686614/mirco-scherrer/"
"717","https://www.sport.de/ninja-warrior/pe686625/milan-schirowski/"
"718","https://www.sport.de/ninja-warrior/pe686657/benedikt-schmid/"
"719","https://www.sport.de/ninja-warrior/pe686656/jakob-schmid/"
"720","https://www.sport.de/ninja-warrior/pe686593/christian-schmidt/"
"721","https://www.sport.de/ninja-warrior/pe686187/miriam-schmidt/"
"722","https://www.sport.de/ninja-warrior/pe686598/sabrina-schnell/"
"723","https://www.sport.de/ninja-warrior/pe686232/thomas-schoerghofer/"
"724","https://www.sport.de/ninja-warrior/pe686290/sebastian-schuler/"
"725","https://www.sport.de/ninja-warrior/pe686254/thomas-schuth/"
"726","https://www.sport.de/ninja-warrior/pe686194/norbert-schwarz/"
"727","https://www.sport.de/ninja-warrior/pe705743/luna-schweiger/"
"728","https://www.sport.de/ninja-warrior/pe686293/timo-seifried/"
"729","https://www.sport.de/ninja-warrior/pe686214/clara-siebel/"
"730","https://www.sport.de/ninja-warrior/pe686668/michael-siegmund/"
"731","https://www.sport.de/ninja-warrior/pe686295/simon-sielemann/"
"732","https://www.sport.de/ninja-warrior/pe686289/benedikt-sigmund/"
"733","https://www.sport.de/ninja-warrior/pe686144/gino-sigmund/"
"734","https://www.sport.de/ninja-warrior/pe686285/christopher-sloan/"
"735","https://www.sport.de/ninja-warrior/pe686156/silke-sollfrank/"
"736","https://www.sport.de/ninja-warrior/pe686258/vassilij-sosunov/"
"737","https://www.sport.de/ninja-warrior/pe686222/brendan-sperlich/"
"738","https://www.sport.de/ninja-warrior/pe686652/siegfried-sperlich/"
"739","https://www.sport.de/ninja-warrior/pe686196/tim-speth/"
"740","https://www.sport.de/ninja-warrior/pe686302/michael-spingler/"
"741","https://www.sport.de/ninja-warrior/pe686228/vito-stefanutti/"
"742","https://www.sport.de/ninja-warrior/pe686172/christoph-steinmaier/"
"743","https://www.sport.de/ninja-warrior/pe686257/fabio-sterrantino/"
"744","https://www.sport.de/ninja-warrior/pe686242/julia-stockmann/"
"745","https://www.sport.de/ninja-warrior/pe686627/mathieu-sychla/"
"746","https://www.sport.de/ninja-warrior/pe686231/mike-szech/"
"747","https://www.sport.de/ninja-warrior/pe686190/fabian-taeger/"
"748","https://www.sport.de/ninja-warrior/pe686191/jan-taeger/"
"749","https://www.sport.de/ninja-warrior/pe686170/fabrice-tambwe/"
"750","https://www.sport.de/ninja-warrior/pe686240/vanessa-thomae/"
"751","https://www.sport.de/ninja-warrior/pe686210/alex-thomas/"
"752","https://www.sport.de/ninja-warrior/pe686140/lukas-tietze/"
"753","https://www.sport.de/ninja-warrior/pe686260/gabriel-tille/"
"754","https://www.sport.de/ninja-warrior/pe686277/melanie-tischler/"
"755","https://www.sport.de/ninja-warrior/pe686649/mark-toller/"
"756","https://www.sport.de/ninja-warrior/pe686230/domenico-tonini/"
"757","https://www.sport.de/ninja-warrior/pe686639/osman-umur/"
"758","https://www.sport.de/ninja-warrior/pe686648/bodo-vopel/"
"759","https://www.sport.de/ninja-warrior/pe686645/michael-wachter/"
"760","https://www.sport.de/ninja-warrior/pe686601/cindy-wagner/"
"761","https://www.sport.de/ninja-warrior/pe705733/jasmin-wagner/"
"762","https://www.sport.de/ninja-warrior/pe686637/pia-wagner/"
"763","https://www.sport.de/ninja-warrior/pe686273/jan-hauke-waibl/"
"764","https://www.sport.de/ninja-warrior/pe686221/wolfgang-wallner/"
"765","https://www.sport.de/ninja-warrior/pe686188/melina-wassertheurer/"
"766","https://www.sport.de/ninja-warrior/pe686275/sven-weber/"
"767","https://www.sport.de/ninja-warrior/pe686193/florian-wedekink/"
"768","https://www.sport.de/ninja-warrior/pe686600/marina-wedemeyer/"
"769","https://www.sport.de/ninja-warrior/pe686227/philipp-wehringer/"
"770","https://www.sport.de/ninja-warrior/pe686155/viola-weiermueller/"
"771","https://www.sport.de/ninja-warrior/pe686622/klaus-dieter-wiesner/"
"772","https://www.sport.de/ninja-warrior/pe686299/alexander-wilhelm/"
"773","https://www.sport.de/ninja-warrior/pe686241/nadine-wilhelm/"
"774","https://www.sport.de/ninja-warrior/pe686236/deniro-wille/"
"775","https://www.sport.de/ninja-warrior/pe686195/lukas-winklmann/"
"776","https://www.sport.de/ninja-warrior/pe686660/corinne-wochnik/"
"777","https://www.sport.de/ninja-warrior/pe707538/michael-wohlgenannt/"
"778","https://www.sport.de/ninja-warrior/pe686795/kevin-addamiano/"
"779","https://www.sport.de/ninja-warrior/pe686794/marco-addamiano/"
"780","https://www.sport.de/ninja-warrior/pe686769/tina-adler/"
"781","https://www.sport.de/ninja-warrior/pe686788/harald-aichner/"
"782","https://www.sport.de/ninja-warrior/pe686821/philipp-allgeuer/"
"783","https://www.sport.de/ninja-warrior/pe686728/marvin-amato/"
"784","https://www.sport.de/ninja-warrior/pe686714/mohammad-amin/"
"785","https://www.sport.de/ninja-warrior/pe686778/stefan-angermeier/"
"786","https://www.sport.de/ninja-warrior/pe686696/fiorenzo-angius/"
"787","https://www.sport.de/ninja-warrior/pe686725/konstantinas-atkocius/"
"788","https://www.sport.de/ninja-warrior/pe686706/sascha-bachmann/"
"789","https://www.sport.de/ninja-warrior/pe686816/aline-barre/"
"790","https://www.sport.de/ninja-warrior/pe686770/nicolas-baumann/"
"791","https://www.sport.de/ninja-warrior/pe686853/mandy-berg/"
"792","https://www.sport.de/ninja-warrior/pe686792/florian-boebel/"
"793","https://www.sport.de/ninja-warrior/pe686848/judith-boesing/"
"794","https://www.sport.de/ninja-warrior/pe686845/salah-boukhaoua/"
"795","https://www.sport.de/ninja-warrior/pe686813/allen-boxer/"
"796","https://www.sport.de/ninja-warrior/pe686840/caroline-brunner/"
"797","https://www.sport.de/ninja-warrior/pe705735/magdalena-brzeska/"
"798","https://www.sport.de/ninja-warrior/pe686719/sebastian-buchner/"
"799","https://www.sport.de/ninja-warrior/pe705737/evelyn-burdecki/"
"800","https://www.sport.de/ninja-warrior/pe686702/maik-burkowski/"
"801","https://www.sport.de/ninja-warrior/pe686846/balian-buschbaum/"
"802","https://www.sport.de/ninja-warrior/pe686738/elsa-culemann/"
"803","https://www.sport.de/ninja-warrior/pe686839/georgi-damyanov/"
"804","https://www.sport.de/ninja-warrior/pe686746/malik-davis/"
"805","https://www.sport.de/ninja-warrior/pe686692/mark-degebrodt/"
"806","https://www.sport.de/ninja-warrior/pe686718/jannis-deuring/"
"807","https://www.sport.de/ninja-warrior/pe686760/wolfgang-dietrich/"
"808","https://www.sport.de/ninja-warrior/pe686753/bastian-dorando/"
"809","https://www.sport.de/ninja-warrior/pe686799/stefanie-drach/"
"810","https://www.sport.de/ninja-warrior/pe686693/samuel-dufner/"
"811","https://www.sport.de/ninja-warrior/pe686729/theresa-duering/"
"812","https://www.sport.de/ninja-warrior/pe686742/peter-dworaczek/"
"813","https://www.sport.de/ninja-warrior/pe698720/tobias-eberle/"
"814","https://www.sport.de/ninja-warrior/pe686736/felix-eckart/"
"815","https://www.sport.de/ninja-warrior/pe686758/florian-eckl/"
"816","https://www.sport.de/ninja-warrior/pe686704/manuel-eder/"
"817","https://www.sport.de/ninja-warrior/pe686803/tiffany-eidner/"
"818","https://www.sport.de/ninja-warrior/pe686680/joerg-eissmann/"
"819","https://www.sport.de/ninja-warrior/pe686745/valerie-elflein/"
"820","https://www.sport.de/ninja-warrior/pe705734/jenny-elvers/"
"821","https://www.sport.de/ninja-warrior/pe686698/yuel-emha/"
"822","https://www.sport.de/ninja-warrior/pe686831/titos-farias/"
"823","https://www.sport.de/ninja-warrior/pe686708/pietro-farsetta/"
"824","https://www.sport.de/ninja-warrior/pe686691/marco-fausser/"
"825","https://www.sport.de/ninja-warrior/pe686709/odo-federolf/"
"826","https://www.sport.de/ninja-warrior/pe686767/pavel-fomin/"
"827","https://www.sport.de/ninja-warrior/pe686703/andrea-forstmayr/"
"828","https://www.sport.de/ninja-warrior/pe686796/charlotte-frank/"
"829","https://www.sport.de/ninja-warrior/pe686679/philipp-peter-frank/"
"830","https://www.sport.de/ninja-warrior/pe686705/christopher-freund/"
"831","https://www.sport.de/ninja-warrior/pe686784/stephan-fricke/"
"832","https://www.sport.de/ninja-warrior/pe686764/jonathan-genck/"
"833","https://www.sport.de/ninja-warrior/pe686855/ronja-goller/"
"834","https://www.sport.de/ninja-warrior/pe686686/dave-grabert/"
"835","https://www.sport.de/ninja-warrior/pe686715/bjoern-graul/"
"836","https://www.sport.de/ninja-warrior/pe686688/joel-hamberger/"
"837","https://www.sport.de/ninja-warrior/pe686768/charline-hausen/"
"838","https://www.sport.de/ninja-warrior/pe686833/jessica-heinze/"
"839","https://www.sport.de/ninja-warrior/pe686721/jan-heinzel/"
"840","https://www.sport.de/ninja-warrior/pe686812/dustin-herbrueggen/"
"841","https://www.sport.de/ninja-warrior/pe686828/markus-herdieckerhoff/"
"842","https://www.sport.de/ninja-warrior/pe686720/diego-heubeck/"
"843","https://www.sport.de/ninja-warrior/pe686701/alex-hildebrandt/"
"844","https://www.sport.de/ninja-warrior/pe686785/steven-hofmann/"
"845","https://www.sport.de/ninja-warrior/pe686678/tatjana-holz/"
"846","https://www.sport.de/ninja-warrior/pe686832/tobias-holz/"
"847","https://www.sport.de/ninja-warrior/pe686805/marius-holzinger/"
"848","https://www.sport.de/ninja-warrior/pe686774/fabiola-hopp/"
"849","https://www.sport.de/ninja-warrior/pe686842/martin-hufnagel/"
"850","https://www.sport.de/ninja-warrior/pe686710/beate-hutzler/"
"851","https://www.sport.de/ninja-warrior/pe686766/sven-jakobs/"
"852","https://www.sport.de/ninja-warrior/pe686801/jonathan-jung/"
"853","https://www.sport.de/ninja-warrior/pe686791/marcel-kaeding/"
"854","https://www.sport.de/ninja-warrior/pe686810/julian-kaltschmidt/"
"855","https://www.sport.de/ninja-warrior/pe686824/artur-kaufman/"
"856","https://www.sport.de/ninja-warrior/pe686743/lukas-kern/"
"857","https://www.sport.de/ninja-warrior/pe686749/lukas-kilian/"
"858","https://www.sport.de/ninja-warrior/pe686744/isabel-klarmann/"
"859","https://www.sport.de/ninja-warrior/pe686804/julia-koch/"
"860","https://www.sport.de/ninja-warrior/pe686822/philipp-koch/"
"861","https://www.sport.de/ninja-warrior/pe686836/stephan-koitek/"
"862","https://www.sport.de/ninja-warrior/pe686787/kim-komnenic/"
"863","https://www.sport.de/ninja-warrior/pe686690/jekaterina-konanchuk/"
"864","https://www.sport.de/ninja-warrior/pe686689/roman-konanchuk/"
"865","https://www.sport.de/ninja-warrior/pe707539/marlene-kowalik/"
"866","https://www.sport.de/ninja-warrior/pe686797/dennis-kraus/"
"867","https://www.sport.de/ninja-warrior/pe705727/mickie-krause/"
"868","https://www.sport.de/ninja-warrior/pe686856/joern-kroell/"
"869","https://www.sport.de/ninja-warrior/pe686858/krister-kroell/"
"870","https://www.sport.de/ninja-warrior/pe707540/eric-krueger/"
"871","https://www.sport.de/ninja-warrior/pe686854/ahmet-kurt/"
"872","https://www.sport.de/ninja-warrior/pe686747/christian-lang/"
"873","https://www.sport.de/ninja-warrior/pe686793/sandra-lang/"
"874","https://www.sport.de/ninja-warrior/pe686857/jan-laskowski/"
"875","https://www.sport.de/ninja-warrior/pe686798/benedikt-last/"
"876","https://www.sport.de/ninja-warrior/pe686837/christin-lede/"
"877","https://www.sport.de/ninja-warrior/pe686707/maika-lederer/"
"878","https://www.sport.de/ninja-warrior/pe686682/robin-leiber/"
"879","https://www.sport.de/ninja-warrior/pe686755/rosa-lenz/"
"880","https://www.sport.de/ninja-warrior/pe686713/kevin-liehn/"
"881","https://www.sport.de/ninja-warrior/pe686727/natalie-lieweke/"
"882","https://www.sport.de/ninja-warrior/pe686838/remy-lignie/"
"883","https://www.sport.de/ninja-warrior/pe686779/daniel-lobotzki/"
"884","https://www.sport.de/ninja-warrior/pe686762/marian-lotze/"
"885","https://www.sport.de/ninja-warrior/pe686841/giacomo-lupiccolo/"
"886","https://www.sport.de/ninja-warrior/pe686759/daniel-maachaoui/"
"887","https://www.sport.de/ninja-warrior/pe686830/markus-malle/"
"888","https://www.sport.de/ninja-warrior/pe686835/carikalan-manoharan/"
"889","https://www.sport.de/ninja-warrior/pe686781/mark-maurer/"
"890","https://www.sport.de/ninja-warrior/pe686732/frank-mehle/"
"891","https://www.sport.de/ninja-warrior/pe686737/enrico-meister/"
"892","https://www.sport.de/ninja-warrior/pe686765/randolf-menge/"
"893","https://www.sport.de/ninja-warrior/pe686757/daniel-menne/"
"894","https://www.sport.de/ninja-warrior/pe686808/andrea-messner/"
"895","https://www.sport.de/ninja-warrior/pe686695/denise-meyer/"
"896","https://www.sport.de/ninja-warrior/pe686697/kevin-meyer/"
"897","https://www.sport.de/ninja-warrior/pe686717/chantal-michels/"
"898","https://www.sport.de/ninja-warrior/pe686726/andre-mikitta/"
"899","https://www.sport.de/ninja-warrior/pe686735/silvio-minakawa/"
"900","https://www.sport.de/ninja-warrior/pe686722/paul-mitskevitch/"
"901","https://www.sport.de/ninja-warrior/pe686861/stephan-moebius/"
"902","https://www.sport.de/ninja-warrior/pe36858/sabrina-mockenhaupt/"
"903","https://www.sport.de/ninja-warrior/pe707541/juergen-mueller/"
"904","https://www.sport.de/ninja-warrior/pe686826/marc-neuhaus/"
"905","https://www.sport.de/ninja-warrior/pe686777/quang-lam-ngo/"
"906","https://www.sport.de/ninja-warrior/pe686723/stefanie-noppinger/"
"907","https://www.sport.de/ninja-warrior/pe686687/mara-oberlechner/"
"908","https://www.sport.de/ninja-warrior/pe686783/thomas-oppermann/"
"909","https://www.sport.de/ninja-warrior/pe705728/peter-orloff/"
"910","https://www.sport.de/ninja-warrior/pe686712/leoni-ostler/"
"911","https://www.sport.de/ninja-warrior/pe686772/lisa-pannicke/"
"912","https://www.sport.de/ninja-warrior/pe686734/stephan-pfeifer/"
"913","https://www.sport.de/ninja-warrior/pe705729/benjamin-piwko/"
"914","https://www.sport.de/ninja-warrior/pe686843/marten-pollack/"
"915","https://www.sport.de/ninja-warrior/pe686834/max-prinz/"
"916","https://www.sport.de/ninja-warrior/pe686716/andreas-prost/"
"917","https://www.sport.de/ninja-warrior/pe686814/antonia-quindel/"
"918","https://www.sport.de/ninja-warrior/pe705731/jamie-rahn/"
"919","https://www.sport.de/ninja-warrior/pe686773/georg-ratke/"
"920","https://www.sport.de/ninja-warrior/pe686775/linda-raulf/"
"921","https://www.sport.de/ninja-warrior/pe686731/holger-reinhardt/"
"922","https://www.sport.de/ninja-warrior/pe686844/martin-renk/"
"923","https://www.sport.de/ninja-warrior/pe686859/michael-retzinger/"
"924","https://www.sport.de/ninja-warrior/pe686724/tim-reuber/"
"925","https://www.sport.de/ninja-warrior/pe686750/linus-riedel/"
"926","https://www.sport.de/ninja-warrior/pe686730/patrick-ries/"
"927","https://www.sport.de/ninja-warrior/pe686817/evert-cordero-rosario/"
"928","https://www.sport.de/ninja-warrior/pe686754/marion-rudolph/"
"929","https://www.sport.de/wintersport/pe211923/evi-sachenbacher-stehle/"
"930","https://www.sport.de/ninja-warrior/pe686700/jana-sandner/"
"931","https://www.sport.de/ninja-warrior/pe686711/eva-sauer/"
"932","https://www.sport.de/ninja-warrior/pe686683/martin-schaeper/"
"933","https://www.sport.de/ninja-warrior/pe686862/rebecca-schmid/"
"934","https://www.sport.de/ninja-warrior/pe686863/stephan-schmid/"
"935","https://www.sport.de/ninja-warrior/pe686751/frank-schmidpeter/"
"936","https://www.sport.de/ninja-warrior/pe686827/markus-schmoltner/"
"937","https://www.sport.de/ninja-warrior/pe686752/kendra-scholvin/"
"938","https://www.sport.de/ninja-warrior/pe686681/artur-schreiber/"
"939","https://www.sport.de/ninja-warrior/pe686819/konstantin-schuler/"
"940","https://www.sport.de/ninja-warrior/pe705730/nils-schumann/"
"941","https://www.sport.de/ninja-warrior/pe686748/dirk-schuetze/"
"942","https://www.sport.de/ninja-warrior/pe686802/peter-schwab/"
"943","https://www.sport.de/ninja-warrior/pe686739/alina-schwaerzer/"
"944","https://www.sport.de/ninja-warrior/pe686789/malte-sehmer/"
"945","https://www.sport.de/ninja-warrior/pe686694/astrid-sibon/"
"946","https://www.sport.de/ninja-warrior/pe686756/pascal-siffert/"
"947","https://www.sport.de/ninja-warrior/pe686800/artur-sommer/"
"948","https://www.sport.de/ninja-warrior/pe686852/rene-sperlich/"
"949","https://www.sport.de/ninja-warrior/pe686851/roy-sperlich/"
"950","https://www.sport.de/ninja-warrior/pe686782/daniel-springer/"
"951","https://www.sport.de/ninja-warrior/pe686786/max-staats/"
"952","https://www.sport.de/ninja-warrior/pe686823/michael-streif/"
"953","https://www.sport.de/ninja-warrior/pe686809/leo-sucre-azongwa/"
"954","https://www.sport.de/ninja-warrior/pe686761/jana-svoboda/"
"955","https://www.sport.de/ninja-warrior/pe686829/simone-techau/"
"956","https://www.sport.de/ninja-warrior/pe686815/thulasimaaran-tharumalingam/"
"957","https://www.sport.de/ninja-warrior/pe686776/jonas-thiede/"
"958","https://www.sport.de/ninja-warrior/pe686806/christian-thomas/"
"959","https://www.sport.de/ninja-warrior/pe686807/alfred-tschechowski/"
"960","https://www.sport.de/ninja-warrior/pe686811/jana-unterkoetter/"
"961","https://www.sport.de/ninja-warrior/pe705726/felix-van-deventer/"
"962","https://www.sport.de/ninja-warrior/pe686780/sabine-volz/"
"963","https://www.sport.de/ninja-warrior/pe686847/katharina-von-chamier/"
"964","https://www.sport.de/ninja-warrior/pe686825/mercy-von-trentini/"
"965","https://www.sport.de/ninja-warrior/pe686771/eric-vosshage/"
"966","https://www.sport.de/ninja-warrior/pe686740/niklas-weber/"
"967","https://www.sport.de/ninja-warrior/pe686733/isabell-weidner/"
"968","https://www.sport.de/ninja-warrior/pe686763/annette-weiss/"
"969","https://www.sport.de/ninja-warrior/pe686684/michel-weller/"
"970","https://www.sport.de/ninja-warrior/pe686741/dustin-williamson/"
"971","https://www.sport.de/ninja-warrior/pe686820/lynne-winkler/"
"972","https://www.sport.de/ninja-warrior/pe686849/stephan-wirtz/"
"973","https://www.sport.de/ninja-warrior/pe686818/florian-wohlgenannt/"
"974","https://www.sport.de/ninja-warrior/pe686790/alexander-worgitzki/"
"975","https://www.sport.de/fussball/pe401454/gero-wurm/"
"976","https://www.sport.de/ninja-warrior/pe686850/lukas-zajons/"
"977","https://www.sport.de/ninja-warrior/pe686860/eric-zekina/"
"978","https://www.sport.de/ninja-warrior/pe708132/juliet-abayomi/"
"979","https://www.sport.de/ninja-warrior/pe708227/nikki-adler/"
"980","https://www.sport.de/ninja-warrior/pe708225/philipp-altenhofen/"
"981","https://www.sport.de/ninja-warrior/pe708197/moritz-andelfinger/"
"982","https://www.sport.de/ninja-warrior/pe708105/uwe-andorfer/"
"983","https://www.sport.de/ninja-warrior/pe708216/patrick-apfelthaler/"
"984","https://www.sport.de/ninja-warrior/pe707986/rainer-auer/"
"985","https://www.sport.de/ninja-warrior/pe707967/kevin-baecker/"
"986","https://www.sport.de/ninja-warrior/pe708034/michael-badner/"
"987","https://www.sport.de/ninja-warrior/pe708135/stefanie-ballok/"
"988","https://www.sport.de/ninja-warrior/pe708183/anne-bartelt/"
"989","https://www.sport.de/ninja-warrior/pe708040/gabriel-barth/"
"990","https://www.sport.de/ninja-warrior/pe708111/jens-bartsch/"
"991","https://www.sport.de/ninja-warrior/pe708203/patrick-basler/"
"992","https://www.sport.de/ninja-warrior/pe707990/billy-bassilekin/"
"993","https://www.sport.de/ninja-warrior/pe708031/florian-becher/"
"994","https://www.sport.de/ninja-warrior/pe708099/mario-becker/"
"995","https://www.sport.de/ninja-warrior/pe708137/ramona-beckmann/"
"996","https://www.sport.de/ninja-warrior/pe708057/sne-belayneh/"
"997","https://www.sport.de/ninja-warrior/pe708005/marius-bender/"
"998","https://www.sport.de/ninja-warrior/pe708229/ramona-bergmeister/"
"999","https://www.sport.de/ninja-warrior/pe708083/julia-beuter/"
"1000","https://www.sport.de/ninja-warrior/pe708232/julia-biebl/"
"1001","https://www.sport.de/ninja-warrior/pe708162/gordon-bieling/"
"1002","https://www.sport.de/ninja-warrior/pe708190/theresa-bleibinhaus/"
"1003","https://www.sport.de/ninja-warrior/pe708068/david-brunner/"
"1004","https://www.sport.de/ninja-warrior/pe708115/heiko-burchard-kraus/"
"1005","https://www.sport.de/ninja-warrior/pe708209/nils-buerger/"
"1006","https://www.sport.de/ninja-warrior/pe708011/tobias-burkhardt/"
"1007","https://www.sport.de/ninja-warrior/pe708118/thomas-burrey/"
"1008","https://www.sport.de/ninja-warrior/pe708055/leonardo-calderon/"
"1009","https://www.sport.de/ninja-warrior/pe707993/michaela-casotti/"
"1010","https://www.sport.de/ninja-warrior/pe708125/patricio-cataldo/"
"1011","https://www.sport.de/ninja-warrior/pe708176/hussein-chahrour/"
"1012","https://www.sport.de/ninja-warrior/pe707994/lea-clausnitzer/"
"1013","https://www.sport.de/ninja-warrior/pe708081/tanja-cordewener/"
"1014","https://www.sport.de/ninja-warrior/pe708177/oezcan-dag/"
"1015","https://www.sport.de/ninja-warrior/pe707984/cedric-daniel/"
"1016","https://www.sport.de/ninja-warrior/pe708150/lukas-dauenheimer/"
"1017","https://www.sport.de/ninja-warrior/pe708058/christian-denzer/"
"1018","https://www.sport.de/ninja-warrior/pe707975/sebastian-domes/"
"1019","https://www.sport.de/ninja-warrior/pe708178/jeffrey-doerpinghaus/"
"1020","https://www.sport.de/ninja-warrior/pe708047/andrea-doerr/"
"1021","https://www.sport.de/ninja-warrior/pe708243/anna-droszez/"
"1022","https://www.sport.de/ninja-warrior/pe708222/christian-eier/"
"1023","https://www.sport.de/ninja-warrior/pe708164/tobias-eigen/"
"1024","https://www.sport.de/ninja-warrior/pe708185/sina-endejann/"
"1025","https://www.sport.de/ninja-warrior/pe708056/andre-fischer/"
"1026","https://www.sport.de/ninja-warrior/pe708046/sonja-fischer/"
"1027","https://www.sport.de/ninja-warrior/pe708139/davina-fisseler/"
"1028","https://www.sport.de/ninja-warrior/pe708208/felix-flieger/"
"1029","https://www.sport.de/ninja-warrior/pe708204/berenger-florence/"
"1030","https://www.sport.de/ninja-warrior/pe708021/john-foerster/"
"1031","https://www.sport.de/ninja-warrior/pe708238/lea-fortin/"
"1032","https://www.sport.de/ninja-warrior/pe708075/thomas-franco/"
"1033","https://www.sport.de/ninja-warrior/pe708001/chiara-frank/"
"1034","https://www.sport.de/ninja-warrior/pe708036/toni-franzke/"
"1035","https://www.sport.de/ninja-warrior/pe708078/roland-friedrich/"
"1036","https://www.sport.de/ninja-warrior/pe708009/simon-friesenecker/"
"1037","https://www.sport.de/ninja-warrior/pe708149/alexander-frisch/"
"1038","https://www.sport.de/ninja-warrior/pe708157/hanjo-fritzsche/"
"1039","https://www.sport.de/ninja-warrior/pe708201/christoph-galle/"
"1040","https://www.sport.de/ninja-warrior/pe708230/nele-geis/"
"1041","https://www.sport.de/ninja-warrior/pe708228/bianca-giering/"
"1042","https://www.sport.de/ninja-warrior/pe708217/mario-gimbel/"
"1043","https://www.sport.de/ninja-warrior/pe708101/mariusz-gniatkowski-schluesselburg/"
"1044","https://www.sport.de/ninja-warrior/pe708128/louis-goertz/"
"1045","https://www.sport.de/ninja-warrior/pe708102/stephan-goertz/"
"1046","https://www.sport.de/ninja-warrior/pe707964/philipp-goethert/"
"1047","https://www.sport.de/ninja-warrior/pe708133/alisa-govzmann/"
"1048","https://www.sport.de/ninja-warrior/pe708160/patrick-grafenauer/"
"1049","https://www.sport.de/ninja-warrior/pe708140/chiara-gremes/"
"1050","https://www.sport.de/ninja-warrior/pe708192/sophia-grimm/"
"1051","https://www.sport.de/ninja-warrior/pe708059/silvio-grogg/"
"1052","https://www.sport.de/ninja-warrior/pe708094/nico-haedicke/"
"1053","https://www.sport.de/ninja-warrior/pe708033/thomas-hafer/"
"1054","https://www.sport.de/ninja-warrior/pe708093/alexander-haidamak/"
"1055","https://www.sport.de/ninja-warrior/pe708202/bastian-hauk/"
"1056","https://www.sport.de/ninja-warrior/pe708024/luana-hauptmann/"
"1057","https://www.sport.de/ninja-warrior/pe708060/max-heller/"
"1058","https://www.sport.de/ninja-warrior/pe708153/fabio-helmrich/"
"1059","https://www.sport.de/ninja-warrior/pe707980/moritz-henn/"
"1060","https://www.sport.de/ninja-warrior/pe707985/noa-henschel/"
"1061","https://www.sport.de/ninja-warrior/pe708007/kevin-herzog/"
"1062","https://www.sport.de/ninja-warrior/pe708172/peter-heydemann/"
"1063","https://www.sport.de/ninja-warrior/pe708018/paul-hild/"
"1064","https://www.sport.de/ninja-warrior/pe708191/ronja-hoffmann/"
"1065","https://www.sport.de/ninja-warrior/pe707988/marcus-hofmeyer/"
"1066","https://www.sport.de/ninja-warrior/pe708041/matthias-hojczyk/"
"1067","https://www.sport.de/ninja-warrior/pe708042/stella-holczer/"
"1068","https://www.sport.de/ninja-warrior/pe708154/uwe-hueckmann/"
"1069","https://www.sport.de/ninja-warrior/pe708221/tiberius-ignat/"
"1070","https://www.sport.de/ninja-warrior/pe708077/dejan-jelovic/"
"1071","https://www.sport.de/ninja-warrior/pe708000/kristina-jost/"
"1072","https://www.sport.de/ninja-warrior/pe708207/philipp-juergen/"
"1073","https://www.sport.de/ninja-warrior/pe708158/michael-kastner/"
"1074","https://www.sport.de/ninja-warrior/pe708062/waldemar-keilmann/"
"1075","https://www.sport.de/ninja-warrior/pe708037/max-kiffmeyer/"
"1076","https://www.sport.de/ninja-warrior/pe708035/dennis-kilani/"
"1077","https://www.sport.de/ninja-warrior/pe708113/matthias-klemke/"
"1078","https://www.sport.de/ninja-warrior/pe707966/thomas-klug/"
"1079","https://www.sport.de/ninja-warrior/pe708234/sabina-kofler/"
"1080","https://www.sport.de/ninja-warrior/pe708100/lukas-kohl/"
"1081","https://www.sport.de/ninja-warrior/pe708145/malte-komm/"
"1082","https://www.sport.de/ninja-warrior/pe708134/tanja-koenig/"
"1083","https://www.sport.de/ninja-warrior/pe708019/dominik-krause/"
"1084","https://www.sport.de/ninja-warrior/pe708103/juergen-krekel/"
"1085","https://www.sport.de/ninja-warrior/pe707963/christian-kroemer/"
"1086","https://www.sport.de/ninja-warrior/pe708224/leon-krueckmeyer/"
"1087","https://www.sport.de/ninja-warrior/pe708215/tim-kruk/"
"1088","https://www.sport.de/ninja-warrior/pe708181/josefine-kuhn/"
"1089","https://www.sport.de/ninja-warrior/pe708136/kathrin-kunz/"
"1090","https://www.sport.de/ninja-warrior/pe708012/dominik-kunzler/"
"1091","https://www.sport.de/ninja-warrior/pe708211/francois-lagalante/"
"1092","https://www.sport.de/ninja-warrior/pe708175/manuel-langhans/"
"1093","https://www.sport.de/ninja-warrior/pe707962/marco-layer/"
"1094","https://www.sport.de/ninja-warrior/pe708235/annina-lehmann/"
"1095","https://www.sport.de/ninja-warrior/pe708236/jasmin-lehmann/"
"1096","https://www.sport.de/ninja-warrior/pe708085/alisha-lehni/"
"1097","https://www.sport.de/ninja-warrior/pe708155/johnny-lembke/"
"1098","https://www.sport.de/ninja-warrior/pe707996/miriam-leutz/"
"1099","https://www.sport.de/ninja-warrior/pe708130/thomas-libertus/"
"1100","https://www.sport.de/ninja-warrior/pe707971/marco-lindt/"
"1101","https://www.sport.de/ninja-warrior/pe707974/niklas-lokietek/"
"1102","https://www.sport.de/ninja-warrior/pe708032/carlos-davalos-lomeli/"
"1103","https://www.sport.de/ninja-warrior/pe708219/ricardo-lopez-lozano/"
"1104","https://www.sport.de/ninja-warrior/pe708168/holger-lotz/"
"1105","https://www.sport.de/ninja-warrior/pe708015/noah-lueders/"
"1106","https://www.sport.de/ninja-warrior/pe708095/matthias-maag/"
"1107","https://www.sport.de/ninja-warrior/pe707989/thorsten-maiser/"
"1108","https://www.sport.de/ninja-warrior/pe708112/angelo-matimbe/"
"1109","https://www.sport.de/ninja-warrior/pe708106/roy-matthey/"
"1110","https://www.sport.de/ninja-warrior/pe707992/hannah-mees/"
"1111","https://www.sport.de/ninja-warrior/pe708076/erik-mehle/"
"1112","https://www.sport.de/ninja-warrior/pe708223/carsten-mengel/"
"1113","https://www.sport.de/ninja-warrior/pe708213/patrick-mengel/"
"1114","https://www.sport.de/ninja-warrior/pe711985/josie-metinkoe/"
"1115","https://www.sport.de/ninja-warrior/pe708008/kasimir-meyer/"
"1116","https://www.sport.de/ninja-warrior/pe708039/bajran-morina/"
"1117","https://www.sport.de/ninja-warrior/pe708110/jaroslaw-mostek/"
"1118","https://www.sport.de/ninja-warrior/pe708104/eduard-mueller/"
"1119","https://www.sport.de/ninja-warrior/pe708073/moses-mwanjelwa/"
"1120","https://www.sport.de/ninja-warrior/pe708014/nelson-mzobe/"
"1121","https://www.sport.de/ninja-warrior/pe708141/giulia-natale/"
"1122","https://www.sport.de/ninja-warrior/pe708129/dominik-neubig/"
"1123","https://www.sport.de/ninja-warrior/pe708244/tommy-nguyen/"
"1124","https://www.sport.de/ninja-warrior/pe707978/christopher-nikolov/"
"1125","https://www.sport.de/ninja-warrior/pe708054/natnael-olbrich/"
"1126","https://www.sport.de/ninja-warrior/pe708126/steffen-oppermann/"
"1127","https://www.sport.de/ninja-warrior/pe707970/holger-osthus/"
"1128","https://www.sport.de/ninja-warrior/pe708116/jonas-panz/"
"1129","https://www.sport.de/ninja-warrior/pe708212/dimitrios-papadopoulos/"
"1130","https://www.sport.de/ninja-warrior/pe708121/paul-pasytsch/"
"1131","https://www.sport.de/ninja-warrior/pe708004/richard-pech/"
"1132","https://www.sport.de/ninja-warrior/pe708220/sven-perez/"
"1133","https://www.sport.de/ninja-warrior/pe708016/michael-petsch/"
"1134","https://www.sport.de/ninja-warrior/pe708242/janina-petters/"
"1135","https://www.sport.de/ninja-warrior/pe707982/nils-pfannkuchen/"
"1136","https://www.sport.de/ninja-warrior/pe708067/tommy-pham/"
"1137","https://www.sport.de/ninja-warrior/pe707972/matthias-porth/"
"1138","https://www.sport.de/ninja-warrior/pe708123/dennis-recka/"
"1139","https://www.sport.de/ninja-warrior/pe708074/simon-rehrl/"
"1140","https://www.sport.de/ninja-warrior/pe707981/constantin-reif/"
"1141","https://www.sport.de/ninja-warrior/pe708030/dirk-reimann/"
"1142","https://www.sport.de/ninja-warrior/pe708026/steffen-reinelt/"
"1143","https://www.sport.de/ninja-warrior/pe708048/stephanie-rettenberger/"
"1144","https://www.sport.de/ninja-warrior/pe708013/maximilian-rieder/"
"1145","https://www.sport.de/ninja-warrior/pe708108/matthias-roeder/"
"1146","https://www.sport.de/ninja-warrior/pe708082/annalena-rohr/"
"1147","https://www.sport.de/ninja-warrior/pe708205/stephan-roepcke/"
"1148","https://www.sport.de/ninja-warrior/pe708002/ann-kathrin-sajons/"
"1149","https://www.sport.de/ninja-warrior/pe707977/marcel-sajons/"
"1150","https://www.sport.de/ninja-warrior/pe708098/andie-saleh/"
"1151","https://www.sport.de/ninja-warrior/pe708025/jana-sander/"
"1152","https://www.sport.de/ninja-warrior/pe708043/meliha-satir/"
"1153","https://www.sport.de/ninja-warrior/pe708079/stacey-scheffel/"
"1154","https://www.sport.de/ninja-warrior/pe708206/raffael-schellenberg/"
"1155","https://www.sport.de/ninja-warrior/pe707999/yvonne-schemschat/"
"1156","https://www.sport.de/ninja-warrior/pe708138/sabrina-schlacher/"
"1157","https://www.sport.de/ninja-warrior/pe708071/stefan-schlott/"
"1158","https://www.sport.de/ninja-warrior/pe708199/benjamin-schmidt/"
"1159","https://www.sport.de/ninja-warrior/pe708065/nico-schmidt/"
"1160","https://www.sport.de/ninja-warrior/pe708151/daniel-schmitt/"
"1161","https://www.sport.de/ninja-warrior/pe708084/lisa-schmitt/"
"1162","https://www.sport.de/ninja-warrior/pe707973/christian-schmitz/"
"1163","https://www.sport.de/ninja-warrior/pe707983/dario-schmitz/"
"1164","https://www.sport.de/ninja-warrior/pe707979/matthias-schmitz/"
"1165","https://www.sport.de/ninja-warrior/pe708061/martin-schneider/"
"1166","https://www.sport.de/ninja-warrior/pe708038/sascha-schoepf/"
"1167","https://www.sport.de/ninja-warrior/pe708044/mona-schulz/"
"1168","https://www.sport.de/ninja-warrior/pe708171/holger-schuessler/"
"1169","https://www.sport.de/ninja-warrior/pe708188/sarah-schuessler/"
"1170","https://www.sport.de/ninja-warrior/pe708097/michael-schuster/"
"1171","https://www.sport.de/ninja-warrior/pe708080/susanne-seel/"
"1172","https://www.sport.de/ninja-warrior/pe708045/maylin-segger/"
"1173","https://www.sport.de/ninja-warrior/pe708167/gunnar-sewald/"
"1174","https://www.sport.de/ninja-warrior/pe708069/felix-siegert/"
"1175","https://www.sport.de/ninja-warrior/pe708052/benedikt-sigmund/"
"1176","https://www.sport.de/ninja-warrior/pe708086/sabrina-skopp/"
"1177","https://www.sport.de/ninja-warrior/pe708064/jeremy-smith/"
"1178","https://www.sport.de/ninja-warrior/pe708010/marco-sperdin/"
"1179","https://www.sport.de/ninja-warrior/pe708096/dominik-staudacher/"
"1180","https://www.sport.de/ninja-warrior/pe708179/margit-staudinger/"
"1181","https://www.sport.de/ninja-warrior/pe708088/frances-stehr/"
"1182","https://www.sport.de/ninja-warrior/pe708050/fabian-stroebele/"
"1183","https://www.sport.de/ninja-warrior/pe708231/regina-strunz/"
"1184","https://www.sport.de/ninja-warrior/pe708066/patrick-swiderek/"
"1185","https://www.sport.de/ninja-warrior/pe708210/dean-tanwani/"
"1186","https://www.sport.de/ninja-warrior/pe708161/philip-tausch/"
"1187","https://www.sport.de/ninja-warrior/pe707968/max-tefke/"
"1188","https://www.sport.de/ninja-warrior/pe708072/christoph-thees/"
"1189","https://www.sport.de/ninja-warrior/pe708124/christoph-thome/"
"1190","https://www.sport.de/ninja-warrior/pe707976/istemihan-tokgoez/"
"1191","https://www.sport.de/ninja-warrior/pe708226/mehmet-topyuerek/"
"1192","https://www.sport.de/ninja-warrior/pe708070/winfried-ulferts/"
"1193","https://www.sport.de/ninja-warrior/pe708233/lisa-unger/"
"1194","https://www.sport.de/ninja-warrior/pe708023/elisa-van-der-wel/"
"1195","https://www.sport.de/ninja-warrior/pe708147/lasse-von-freier/"
"1196","https://www.sport.de/ninja-warrior/pe708006/christopher-von-stelzer/"
"1197","https://www.sport.de/ninja-warrior/pe708165/sebastian-vossler/"
"1198","https://www.sport.de/ninja-warrior/pe708063/dusan-vranes/"
"1199","https://www.sport.de/ninja-warrior/pe708237/oxana-wachter/"
"1200","https://www.sport.de/ninja-warrior/pe708028/haruna-wackernagel/"
"1201","https://www.sport.de/ninja-warrior/pe707998/lisa-wagner/"
"1202","https://www.sport.de/ninja-warrior/pe707991/thomas-wedig/"
"1203","https://www.sport.de/ninja-warrior/pe708182/jessica-weidemann/"
"1204","https://www.sport.de/ninja-warrior/pe708184/lisa-weishaupt/"
"1205","https://www.sport.de/ninja-warrior/pe707995/johanna-wiendl/"
"1206","https://www.sport.de/ninja-warrior/pe708214/sven-wilhelm/"
"1207","https://www.sport.de/ninja-warrior/pe708051/leon-wismann/"
"1208","https://www.sport.de/ninja-warrior/pe708053/david-wolf/"
"1209","https://www.sport.de/ninja-warrior/pe707965/niklas-woltmann/"
"1210","https://www.sport.de/ninja-warrior/pe708087/nikola-woerz/"
"1211","https://www.sport.de/ninja-warrior/pe708120/nafiz-yilmaz/"
"1212","https://www.sport.de/ninja-warrior/pe708027/tomislav-zecevic/"
"1213","https://www.sport.de/ninja-warrior/pe708174/toni-zeus/"
"1214","https://www.sport.de/ninja-warrior/pe708170/johannes-zimmermann/"
