Aabish,w
Aaliyah,w
Aalya,w
Aaron,m
Abbas,m
Abd,m
Abdalkarim,m
Abdel,m
Abdeljalil,m
Abdelmoumene,m
Abdelsalam,w
Abderrahman,m
Abdeslam,m
Abdessalam,m
Abdo,m
Abdou,m
Abdourahman,m
Abdul,m
Abdulhadi,m
Abdulkadir,m
Abdullah,m
Abdüllatif,m
Abdulrahman,m
Abdurrahman,m
Abel,m
Abena,w
Abid,m
Abidin,m
Abieyuwa,w
Abigael,w
Abigail,w
Aboubakar,m
Abra,w
Abrar,w
Abtin,m
Acar,m
Acelya,w
Açelya,w
Achiaa,w
Achilleas,m
Ada,w
Adam,m
Adaora,w
Adara,w
Adel,m
Adelaida,w
Adele,w
Adéle,w
Adèle,w
Adelheid,w
Adelina,w
Adem,m
Ademir,m
Aden,m
Adena,w
Adila,w
Adin,m
Adis,m
Adisona,w
Adjeley,w
Admir,m
Adnan,m
Adolf,m
Adomas,m
Adrian,m
Adriana,w
Adriano,m
Adrien,m
Adrijana,w
Adunja,w
Adviye,w
Adymovna,w
Aemilius,m
Affi,w
Afiana,w
Afra,w
Afsana,w
Afzaluddin,m
Agan,m
Agata,w
Agathe,w
Agelos,m
Aghasii,w
Agit,m
Aglaia,w
Agnes,w
Agnese,w
Agrippina,w
Agui,m
Agustin,m
Ahamed,m
Ahmad,m
Ahmed,m
Ahmedova,w
Ahmet,m
Ahunisa,w
Ahyan,m
Aicha,w
Aïcha,w
Aida,w
Aidan,m
Aiden,m
Aileen,w
Ailiin,w
Ailin,w
Ailina,w
Aimee,w
Aimée,w
Aine,w
Aineias,m
Ainhoa-Rose,w
Aino,w
Aischa,w
Aisha,w
Aisosa,m
Aissata,w
Aiza,w
Ajan,m
Ajayi,w
Ajdin,m
Ajmane,w
Akan,m
Akay,m
Akbar,m
Akgün,m
Akif,m
Akin,m
Akinola,m
Akın,m
Akkshitha,w
Akonnobea,w
Aksel,m
Aksinieva,w
Al,m
Al-Sagad,m
Aladar,m
Alae,w
Alain,m
Alan,m
Alana,w
Alara,w
Alara-Eda,w
Alba,w
Albert,m
Alberto,m
Albian,m
Albrecht,m
Aldin,m
Aldon,m
Alea,w
Alecia,w
Aleesha,w
Alejandra,w
Alejandro,m
Alejna,w
Aleksa,m
Aleksandarova,w
Aleksander,m
Aleksandra,w
Aleksej,m
Aleksi,m
Alem,m
Alen,m
Alena,w
Alend,m
Alesio,m
Alessandra,w
Alessandro,m
Alessia,w
Alessio,m
Alessya,w
Alex,m
Alexa,w
Alexander,m
Alexandra,w
Alexandre,m
Alexandros,m
Alexandrowitsch,m
Alexandru,m
Alexej,m
Alexia,w
Alexis,m
Aleyna,w
Alfred,m
Alfredo,m
Algan,m
Algasim,m
Ali,m
Alia,w
Alica,w
Alican,m
Alice,w
Alicia,w
Alieva,w
Alijandra,w
Alim,m
Alin,w
Alina,w
Alina-Sofia,w
Alinda,w
Aline,w
Aliriza,m
Alisa,w
Alisha,w
Alissa,w
Alissia,w
Alissid,w
Alix,w
Aliya,w
Aliyaan,m
Aliyah,w
Aliye,w
Aliza,w
Alizée,w
Aljoscha,m
Aljosha,m
Allahverdi,m
Allegra,w
Allen,m
Alma,w
Almaida,w
Almedin,m
Almedina,w
Almina,w
Almira,w
Alois,m
Aloisa,w
Alon,m
Alonson,m
Aloys,m
Alp,m
Alpacino,m
Alpay,m
Alper,m
Alperen,m
Alptekin,m
Alva,w
Alvar,m
Alvin,m
Alwaleed,m
Alwin,m
Alya,w
Alyona,w
Alyssa,w
Amadeus,m
Amadou,m
Amal,w
Amali,w
Amalia,w
Amália,w
Amalio,m
Amanda,w
Amane,m
Amar,m
Amara,w
Amari,m
Amarl,m
Amaru,m
Amaya,w
Amber,w
Amed,m
Amei,w
Ameli,w
Amelia,w
Amelie,w
Amelié,w
Amélie,w
Amelle,w
Amen,m
Amer,m
Ami,m
Amicoura,w
Amil,m
Amila,w
Amilia,w
Amin,m
Amina,w
Aminah,w
Aminata,w
Amine,w
Amir,m
Amira,w
Amirhan,m
Amitis,w
Ammar,m
Amna,w
Amoabeng,w
Amon,m
Amrullah,m
Amy,w
Amyas,m
An,w
Ana,w
Anabela,w
Anabell,w
Anabelle,w
Anaë,w
Anahita,w
Anaïs,w
Ananda,w
Ananya,w
Anas,m
Anastasia,w
Anastasija-Gordana,w
Anastasios,m
Anatol,m
Anatoli,m
Anaya,w
Anders,m
Andi,m
Andie,m
Andre,m
André,m
Andrea,w
Andreas,m
Andrei,m
Andreia,w
Andrej,m
Andrew,m
Andreyevic,m
Andreyevna,w
Andriana,w
Andriyivna,w
Anduena,w
Andy,m
Anel,m
Anela,w
Aneliev,m
Anes,w
Anestis,m
Anette,w
Ange,m
Angel,m
Angela,w
Angélico,m
Angelika,w
Angelina,w
Angelinov,m
Angelo,m
Angelos,m
Angie,w
Angus,m
Anh,w
Ani,w
Anik,m
Anika,w
Anil,m
Anila,w
Anina,w
Anirudh,m
Anis,m
Anisa,w
Aniska,w
Anissa,w
Anita,w
Anıl,m
Anja,w
Anjali,w
Anmol,w
Ann,w
Ann-Kathrin,w
Anna,w
Anna-Lena,w
Anna-Marleen,w
Anna-Sofie,w
Anna-Sophie,w
Anna-Theresia,w
Annabel,w
Annabell,w
Annabella,w
Annabelle,w
Annalea,w
Annalena,w
Annalisa,w
Annamarie,w
Annas,m
Annastasia,w
Anne,w
Änne,w
Anne-Ly,w
Anne-Marie,w
Anneli,w
Annelie,w
Anneliese,w
Annemarie,w
Annette,w
Anni,w
Annie,w
Annika,w
Annina,w
Anno,m
Annu,m
Anouk,w
Anousheh,w
Anozie,m
Anselm,m
Ansgar,m
Ant,m
Ante,m
Anthony,m
Antoine,m
Anton,m
Antonia,w
Antonie,w
Antonietta,w
Antonijo,m
Antonino,m
Antonio,m
Antonis,m
Antonius,m
Antony,m
Anush,m
Aoife,w
Aous-Jwad,m
Aphrodite,w
Apolló,m
Apollonia,w
Apostolia,w
Apostolos,m
April,w
Ara,m
Aram,w
Aramis,m
Aras,m
Arash,m
Arat,m
Aray,m
Araz,m
Arbin,m
Arda,m
Ardian,m
Ardit,m
Ardjun,m
Areg,m
Arel,m
Arezou,w
Argon,m
Ari,m
Aria,m
Ariadne,w
Arian,m
Ariana,w
Ariane,w
Arianit,m
Aribert,m
Aridj,w
Ariel,m
Ariella,w
Arielle,w
Arif,m
Arij,w
Arijan,m
Arijana,w
Arijen,m
Arik,m
Arilena,w
Arin,m
Arina,w
Ario,m
Arion,m
Arizona,w
Arjen,m
Arjin,w
Arjun,m
Arjuna,m
Arkadius,m
Arkadiusz,m
Arleen,w
Arman,m
Armanda,w
Armando,m
Armani,m
Armin,m
Arnaud,m
Arne,m
Arne-Michael,m
Arno,m
Arnold,m
Aro,m
Aron,m
Aros,m
Arsenyevič,m
Art,m
Artemovič,m
Artemovna,w
Arthur,m
Artin,m
Artina,w
Artjom,m
Arto,m
Artöm,m
Artur,m
Arvid,m
Arvin,m
Arwin,m
Aryahi,w
Arzana,w
Asaf,m
Asal,w
Asaria,m
Asena,w
Asenova,w
Asha,w
Ashley,w
Asia,w
Asier,m
Asila,w
Asim,m
Asina,w
Asiya,w
Aslan,m
Asli,w
Aslı,w
Aslınur,w
Asma,w
Asmae,w
Asmin,w
Assil,w
Astrid,w
Asya,w
Atakan,m
Atanasov,m
Atay-Tayga,m
Ates,m
Ateş,m
Athanasios,m
Athena,w
Atila,m
Attila,m
August,m
Augusta,w
Auguste,w
Augustin,m
Aurel,m
Aurela,w
Aurèle,m
Aurelia,w
Aurélie,w
Aurelio,m
Aurora,w
Ava,w
Avan,w
Avedis,m
Avesta,w
Aviela,w
Avishan,w
Avissa,w
Avleen,w
Avsin,w
Avşin,w
Axel,m
Ayaan,m
Ayana,w
Ayaz,m
Aybüke,w
Aycan,w
Ayda,w
Aydan,m
Ayden,m
Aydin,m
Aydın,m
Aydoluwa,w
Ayele,m
Ayet,m
Ayhan,m
Ayite,m
Aykan,m
Aykut,m
Ayla,w
Ayleen,w
Aylin,w
Aylis,w
Aylișa,w
Aylu,w
Ayman,m
Aynur,w
Ayobami,m
Ayomide,w
Ayoub,m
Aysa,w
Ayse,w
Ayşe,w
Ayşegül,w
Aysel,w
Ayşem,w
Ayten,w
Ayu,w
Azad,m
Azadin,m
Azat,m
Aze,w
Aziz,m
Azra,w
Azranur,w
Azzurra,w
Badr,m
Bahar,w
Bahier,m
Bajran,m
Bajwa,m
Bakel,m
Bakış,m
Baldur,m
Balian,m
Balım,w
Balkiz,w
Balthasar,m
Balthazar,m
Bandeh,m
Banyen,w
Baptist,m
Baptiste,m
Baran,m
Baran-Ali,m
Barbara,w
Bärbel,w
Barichat,w
Baris,m
Bariş,m
Barış,m
Barnaby,m
Barry,m
Bartosz,m
Bartu,m
Bartus,m
Barzan,m
Basambuka,m
Başer,m
Basim,m
Bastian,m
Batiana,w
Batu,m
Batu-Emin,m
Batuhan,m
Bay,w
Bayram,m
Bea,w
Beat,m
Beate,w
Beatrice,w
Beaumont,m
Bedia,w
Bei-Chen,m
Bejna,w
Bejtus,m
Bekir,m
Bela,m
Béla,m
Belanna,w
Bele,w
Belen,w
Belén,w
Belin,w
Belinay,w
Bella,w
Belle,w
Belya,m
Ben,m
Ben-Kenobi,m
Ben-Louis,m
Ben-Luca,m
Ben-Lucas,m
Bena,m
Bendedikt,m
Bendikt,m
Bene,m
Benedek,m
Benedetta,w
Benedict,m
Bénédict,m
Benedikt,m
Benedikta,w
Bengt-Hjalte,m
Beniamin,m
Beniamino,m
Benita,w
Benito,m
Benjamin,m
Benji,m
Benn,m
Bennedikt,m
Bennet,m
Bennit,m
Benno,m
Benny,m
Bent,m
Bente,w
Beran,m
Berat,m
Berekia,w
Beren,w
Bérenger,m
Berfin,w
Beria,w
Beril,w
Berina,w
Berk,m
Berka,w
Berkan,m
Berkant,m
Berkay,m
Berke,m
Berken,m
Berna,w
Bernadet,w
Bernard,m
Bernd,m
Bernhard,m
Bernnyse,w
Bernward,m
Berra,w
Bert,m
Bertalan,m
Bertolt,m
Bertrand,m
Berzan,m
Besaka,w
Betsy,w
Bettina,w
Betül,w
Beverly,w
Beya,w
Beyari,m
Beyer,w
Beytullah,m
Beyza,w
Bezawit,w
Biaggio,m
Bianca,w
Bianka,w
Biel,m
Bijan,m
Biko,m
Bilal,m
Bilan,m
Bilegt,m
Bilent,w
Bilge,w
Biljan,m
Billy,m
Bin,m
Bintou-Raby,w
Birgit,w
Bjarne,m
Björn,m
Blanche,w
Blanka,w
Blerim,m
Blessing,w
Blue,w
Bo,m
Boakye,m
Bodo,m
Bogusław,m
Bohan,m
Bohyeba,w
Bojan,m
Bolle,m
Bonwiwah,w
Boris,m
Borisovič,m
Boshra,w
Bosse,m
Botond,m
Brahim,m
Bram,m
Brandon,m
Braxton,w
Breavecey,m
Brendan,m
Brian,m
Brianna,w
Brianne,w
Bridie,w
Bright,w
Brigitte,w
Brisa,w
Brita,w
Brix,d
Broer,m
Bronka,w
Bruce,m
Bruna,w
Brunhilde,w
Bruno,m
Bryan,m
Bućković,w
Buğra,m
Buket,w
Bünyamin,m
Burak,m
Burcu,w
Burhan,m
Burkhard,m
Büşra,w
Byron,m
Cäcilia,w
Cäcilie,w
Caelan,m
Çağatay,m
Çağlar,m
Caia,w
Caiden,m
Caitlín,w
Cajus,m
Callum,m
Calogero,m
Calum,m
Calvin,m
Camie,w
Camila,w
Camilla,w
Camille,w
Camilo,m
Can,m
Can-Kamêr,m
Candra,w
Candy,w
Canel,m
Caner,m
Cansın,m
Cansu,w
Cara,w
Caridad,w
Carikalan,m
Carina,w
Carl,m
Carla,w
Carlan,m
Carlito,m
Carlo,m
Carlos,m
Carlotta,w
Carmelina,w
Carolin,w
Carolina,w
Caroline,w
Carsten,m
Casey,m
Caspar,m
Caspar-Aurelius,m
Casper,m
Cassandra,w
Cassian,m
Castiel,m
Cataleya,w
Catalina,w
Catarina,w
Catelyn,w
Caterina,w
Catharina,w
Catherina,w
Catherine,w
Cathleen,w
Cathy-Melissa,w
Cato,w
Caya,w
Cayden,m
Cebrail,m
Cécile,w
Cecilia,w
Cedric,m
Cédric,m
Cedrik,m
Celena,w
Celia,w
Celina,w
Celine,w
Céline,w
Cem,m
Cemal,m
Cemalettin,m
Cemali,m
Cemil,m
Cemile,w
Cemre,w
Cengizhan,m
Cenk,m
Cennet,w
Ceren,w
Cesar,m
Ceyda,w
Ceyla,w
Ceylan,w
Ceylin,w
Chad,m
Chadrac,m
Chae-Ah,w
Chahd,w
Chaima,w
Chanaya,w
Chandré,m
Chanel,w
Chanelle,w
Chantal,w
Chantale,w
Chanthida,w
Charalambos,m
Charalampos,m
Charbel,m
Charis,w
Charleen,m
Charles,m
Charlie,m
Charline,w
Charlotta,w
Charlotte,w
Charlotte-Nina,w
Charly,m
Charmaine,w
Charmine,w
Chayanon,m
Chayenne,w
Che,m
Chelsea,w
Chelsea-Charlyn,w
Chen,w
Chenyu,m
Cheyenne,w
Chiagozie,w
Chiamaka,w
Chiara,w
Chibueze,m
Chiebuka,m
Chigozie,m
Ching-yee,w
Chinyere,w
Chiu,w
Chloé,w
Chloë,w
Chris,m
Christ,m
Christa,w
Christel,w
Christian,m
Christiane,w
Christiano,m
Christin,w
Christin-Isabell,w
Christina,w
Christine,w
Christof,m
Christoph,m
Christophanis,m
Christophe,m
Christopher,m
Christy,w
Chrysoula,w
Chuba,m
Chukwu,m
Chuluo,w
Ciara,w
Cihan,m
Cihangir,m
Cinar,m
Cindy,w
Civana,w
Ciya,w
Çınar,m
Claas,m
Claire,w
Clara,w
Clarissa,w
Claudette,w
Claudia,w
Claudio,m
Claus,m
Clay,m
Clemens,m
Clément,m
Cleo,w
Cloe,w
Clooney,m
Coco,w
Colin,m
Colin-Szilard,m
Coline,w
Collin,m
Collins,m
Colonia,w
Concetta,w
Conchita,w
Conner,m
Connor,m
Constantin,m
Constantine,w
Constantinos,m
Constanze,w
Contantia,w
Cooper,m
Cora,w
Corentin,m
Corentine,w
Cori,w
Corinna,w
Corinne,w
Corleone,m
Cornel,m
Cornelia,w
Cornelie,w
Cornelius,m
Cosmo,m
Cristian,m
Crocifisso,m
Cruz,m
Cumayi,m
Cüneyt,m
Cybelle,w
Cynthia,w
Da,m
Dachuas,m
Dafina,w
Dafinova,w
Dagmar,w
Daisy,w
Dajane,w
Dalia,w
Daliah,w
Daljeet,m
Damian,m
Damiano,m
Damien,m
Damijan,m
Damilola,w
Damjan,m
Damla,w
Dana,w
Danailova,w
Danial,m
Danica,w
Daniel,m
Daniela,w
Daniela-Kareen,w
Daniele,m
Danielo,m
Danielov,m
Danko,m
Danny,m
Dante,m
Danuta,w
Dany,m
Danyal,m
Danyel,m
Dara-Elin,w
Darell,m
Daria,w
Darian,m
Darija,w
Darijim,m
Darijo,m
Darin,m
Darina,w
Dario,m
Darius,m
Darnell,m
Darrell,m
Darren,m
Darya,w
Daryan,m
Dave,m
David,m
David-Costel,m
David-Jones,m
Davide,m
Davin,m
Davina,w
Davino,m
Davis,m
Davud,m
Davy,m
Dawid,m
Dawit,m
Day,m
Dayana,w
Dayo,m
De,m
Dean,m
Deana,w
Debora,w
Deborah,w
Deepan,m
Defne,w
Dejan,m
Dejvid,m
del,w
Dela,w
Delaine,w
Delal,w
Delali,w
Delbrin,m
Delia,w
Delian,m
Delil,m
Delilah,w
Deling,w
Delong,m
Demet,w
Demian,m
Demien,w
Demir,m
Demjan,m
Deni,m
Denial,m
Deniro,m
Denis,m
Denise,w
Deniz,m
Dennis,m
Dennisov,m
Denny,m
Denyse,w
Dereje,m
Derek,m
Derin,w
Derman,m
Deron,m
Dervis,m
Dery,m
Derya,w
Derya-Çağla,w
Desdina,w
Desire,w
Désiré,m
Desiree,w
Desireé,w
Desirée,w
Destan,m
Destiny,m
Detlef,m
Devin,m
Devine,w
Devion,m
Devran,m
Devrim,m
Dexter,m
Deyan,m
Deyanova,w
Deylem,m
Deyyan,m
Dezheng,m
Dhangsang,m
Dhurata,w
Diago,m
Diamantis,m
Diana,w
Diar,m
Diart,m
Diaz,w
Didier,m
Diego,m
Diệp,w
Dieter,m
Dietrich,m
Dietz,w
Dieudonné,m
Dijan,m
Dila,w
Dilaila,w
Dilan,w
Dilana,w
Dilara,w
Dilaver,m
Dilay,w
Dilayla,w
Dilcan,m
Dilek,w
Dillan,m
Dilrose,w
Dilyan,m
Dima,w
Dimitar,m
Dimitrinova,w
Dimitrios,m
Dimitrova,w
Din,m
Dina,w
Dine,m
Dino,m
Dion,m
Dique,m
Diren,w
Dirk,m
Diya,w
Diyae,m
Diyana,w
Diyar,m
Diyem,w
Djamila,w
Djamilla,w
Django,m
Djeila,w
Djofta,m
Djordje,m
Djuany,m
Dluwanifemi,w
Dmitrij,m
Dmytrivna,w
Doğukan,m
Domenick,m
Domenico,m
Domingos,m
Dominic,m
Dominik,m
Dominique,w
Don,m
Döne,w
Dong-Min,m
Dongha,m
Donia,w
Donika,w
Donisha,w
Donna-Diana,w
Dora,w
Dóra,w
Dorian,m
Dorina,w
Doris,w
Doron,m
Dorothea,w
Dorothee,w
Doruk,m
Douae,w
Dounya,w
Dren,m
Drilon,m
Drin,m
Driton,m
Dua,w
Đức-Xuân,m
Dudu,w
Duhan,m
Dunja,w
Dünya,w
Dursun,m
Dusan,m
Dustin,m
Duygu,w
Dwayne,m
Dylan,m
Ealasaid,w
Eason,m
Ebba,w
Eberhard,m
Ebrahima,m
Ebrar,w
Ebru,w
Ebu,m
Ebube,m
Ebubekir,m
Ece,w
Ecem,w
Ecemnaz,w
Ecenur,w
Echnaton,m
Eckhard,m
Ecrin,w
Eda,w
Edanur,w
Edda,w
Eddie,m
Eddine,m
Edem,m
Edessa,w
Edgar,m
Edin,m
Edip,m
Edith,w
Ediz,m
Edmund,m
Eduard,m
Eduarda,w
Eduardo,m
Edvin,m
Edward,m
Edwin,m
Edyta,w
Efe,m
Efekan,m
Eflin,w
Efraim,m
Efsun,w
Eftan,m
Eftelya,w
Ege,m
Egemen,m
Egzona,w
Eike,m
Eileen,w
Ekaterini,w
Ekin,w
Ekrem,m
Ela,w
Elâ,w
Elai,m
Elaine,w
Elara,w
Elayna,w
Elçin,w
Eldar,w
Eldin,m
Eldine,w
Elea,w
Eleasar,m
Elena,w
Eleni,w
Elenor,w
Eleonardo,m
Eleonora,w
Eleonore,w
Elex,m
Elfin,w
Elfriede,w
Elhame,w
Eli,m
Eli-James,m
Elia,m
Eliah,m
Elian,m
Eliana,w
Eliano,m
Eliano-Milo,m
Elias,m
Elias-Malik,m
Eliaz,m
Elida,w
Elie,m
Eliesa,w
Elif,w
Elifnaz,w
Elifnur,w
Elija,m
Elijah,m
Elin,w
Elín,w
Elina,w
Elinor,w
Elio,m
Elis,w
Elis,m
Elisa,w
Elisa-Sofia,w
Elisabeth,w
Elisabetha,w
Elisar,w
Elisavet,w
Elise,w
Elisheva,w
Elissa,w
Elissavet,w
Eliyas,m
Eliz,w
Eliza,w
Elizabeth,w
Elizan,w
Elizaveta,w
Elke,w
Ella,w
Ellen,w
Elli,w
Ellie,w
Elliot,m
Elly,w
Elmalek,m
Elmar,m
Elmas,w
Elmedin,m
Elmedina,w
Elmin,m
Elmira,w
Elochukwu,m
Elodie,w
Elog,m
Elohim-Antionet,m
Elouan,m
Elsa,w
Else,w
Eluan,m
Eluney,w
Elvan,w
Elvin,w
Elvira,w
Elvis,m
Elwin,m
Elyan,m
Elyana,w
Elyas,m
Elycia,w
Elyes,m
Elyesa,m
Elysia,w
Elzem,w
Ema,w
Emanuel,m
Emanuil,m
Emeli,w
Emelie,w
Emeliy,w
Emely,w
Emia,w
Emil,m
Emilee,w
Emili,w
Emilia,w
Emilia-Marlen,w
Emilia-Sophie,w
Emilian,m
Emilias,m
Emilie,w
Emilio,m
Emilion,m
Emilova,w
Emily,w
Emily-Luna,w
Emin,m
Emina,w
Emine,w
Emir,m
Emira,w
Emircan,m
Emirhan,m
Emirkayra,m
Emma,w
Emma-Rosa,w
Emmanuel,m
Emmanuela,w
Emmelie,w
Emmett,m
Emmi,w
Emmy,w
Emna,w
Emre,m
Emrys-Adriano,m
Ena,w
Enam,w
Enbiya,m
Endercan,m
Endres,m
Enea,m
Eneas,m
Enes,m
Engelbert,m
Engelina,w
Engin,w
Enhè,m
Enias,m
Enie,w
Enija,w
Enikő,w
Enis,m
Enisa,w
Enna,w
Enni,w
Enno,m
Eno,w
Enrico,m
Enrique,m
Ensar,m
Enuma,w
Enver,m
Enya,w
Enzo,m
Ephraim,m
Era,w
Erada,w
Eray,m
Erdal,m
Erdem,m
Erdi,m
Erdinc,m
Erdoan,m
Erem,w
Eren,m
Erian,m
Eric,m
Erich,m
Erik,m
Erika,w
Erin,w
Erina,w
Erion,m
Erkan,m
Erlis,m
Ermana,w
Ermias,m
Ermin,m
Erna,w
Ernad,m
Ernesto,m
Ernst,m
Ernst-Harald,m
Erol,m
Ersan,m
Ersen,m
Ertan,m
Ertugrul,m
Ertuğrul,m
Erva,w
Ervanur,w
Ervin,m
Erwann,m
Erwin,m
Erza,w
Esad,m
Esat,m
Esen,w
Eshaal,w
Eshaal-Noor,w
Esila,w
Esin,w
Eslam,m
Eslem,w
Eslia,w
Eslin,w
Esma,w
Esmagül,w
Esmanur,w
Esra,w
Esteban,m
Estefania,w
Estela,w
Estelle,w
Estellé,w
Ester,w
Estha,w
Esther,w
Estrella,w
Ethem,m
Etienne,m
Etineosa,m
Etti,w
Eugenie,w
Eugénie,w
Eva,w
Evangeline,w
Eve,w
Evelin,w
Evelina,w
Eveline,w
Evelyn,w
Evert,m
Evgenia,w
Evgenija,w
Evi,w
Evin,w
Evita,w
Evmorphia,w
Evrim,w
Ewa,w
Ewaen,w
Ewald,m
Excellent,w
Exiane,w
Eyan,w
Eylül,w
Eymen,m
Eyşan,w
Eyup,m
Eyüp,m
Eyyub,m
Eyyüp,m
Ezechimere,m
Ezgi,w
Ezziel,m
Faber,w
Fabian,m
Fabianus,m
Fabienne,w
Fabienne-Denize,w
Fabijan,m
Fabio,m
Fábio,m
Fabiola,w
Fabiya,w
Fabrice,m
Fadel,m
Fadi,m
Fadil,m
Fahed,m
Faisal,m
Falco,m
Falih,m
Falk,m
Falko,m
Fan,w
Fanta,w
Farah,w
Fareed,w
Fareeha,w
Fares,m
Farhang,m
Farida,w
Farin,m
Farina,w
Farrell,m
Faruk,m
Fata,w
Fatai,m
Fathima,w
Fatih,m
Fatiha,w
Fatima,w
Fatita,w
Fatjon,m
Fatma,w
Fatmanur,w
Fatou,w
Fatoumata,w
Fawzia,w
Fay,w
Fayaaz,m
Faye,w
Fayroz,w
Fé,w
Federica,w
Federico,m
Fedi,m
Fedja,w
Fee,w
Fehmi,m
Felia,w
Felian,m
Felice,w
Felicia,w
Félicie,w
Félicien,m
Felicitas,w
Felie,w
Felina,w
Feline,w
Felipa,w
Felipe,m
Felix,m
Feliza,w
Felizian,m
Felizita,w
Fenja,w
Ferat,m
Feray,w
Ferdinand,m
Ferdinande,w
Ferenc,m
Ferenz,m
Ferhad,m
Feriha,w
Fernanda,w
Fernando,m
Ferris,m
Fetia,w
Feya,w
Feye,w
Feyza,w
Fia,w
Fidel,m
Fidelio,m
Fidelius,m
Fiete,m
Filemon,m
Filip,m
Filipa,w
Filippa,w
Filiz,w
Fill,m
Filor,w
Fin,m
Fine,w
Finja,w
Finley,m
Finn,m
Finn-Luca,m
Finnja,w
Finya,w
Fiona,w
Fionn,m
Fiorenzo,m
Firat,m
Firdevs,w
Fjolla,w
Flavia,w
Flavio,m
Flemming,m
Fleur,w
Flora,w
Florentin,m
Florentina,w
Florentine,w
Flori,m
Floria,w
Florian,m
Florie,w
Florijan,m
Florim,m
Florina,w
Florine,w
Florjana,w
Flyn,m
Flynn,m
Fouad,m
Franca,w
Frances,w
Francesca,w
Francesca-Emilia,w
Francesco,m
Francis,m
Francisco,m
Franciszek,m
Francois,m
François,m
Frank,m
Franka,w
Franklie,m
Franky,w
Franz,m
Franzis,m
Franziska,w
Fred,m
Freddi,m
Freddie,m
Frederic,m
Frédéric,m
Frederick,m
Frederik,m
Frei,m
Freja,w
Freya,w
Freya-Maria,w
Frida,w
Frido,m
Fridolin,m
Frieda,w
Friedel,m
Frieder,m
Friederich,m
Friederika,w
Friederike,w
Friedrich,m
Frigyes,m
Friso,m
Fritz,m
Fryderyk,m
Fürchtegott,w
Furgan,m
Furkan,m
Fynn,m
Fynn-Louis,m
Fynn-Noel,m
Fynn-Tayler,m
Gabriel,m
Gabriela,w
Gabriele,m
Gabriella,w
Gabrielowitsch,m
Gabrijel,m
Gabryel,m
Gael,m
Gaëtan,m
Gaia,w
Gaja,w
Gala,w
Gale,w
Galina,w
Gamze,w
Garfield,m
Garrett,m
Gary,m
Gaspar,m
Gedeon,m
Geertje,w
Gellért,m
Genesis,w
Gengomoi,w
Genia,w
Gennaro,m
Georg,m
George,m
Georgi,m
Georgina,w
Gerard,m
Gérard,m
Gereon,m
Gerhard,m
Gerik,m
Germain,m
Gero,m
Gerome,m
Gerti,w
Gertrud,w
Gesa,w
Gesine,w
Giacomo,m
Giada,w
Giamilio,m
Gian,m
Gian-Carlo,m
Gian-Luca,m
Giana,w
Gianluca,m
Gianna,w
Gianni,m
Gigi,w
Gil,m
Gilmour,m
Gina,w
Ginevra,w
Gino,m
Gioacchino,m
Gioele,m
Giorgi,m
Giorgio,m
Giovanna,w
Giovanni,m
Giray,m
Girmaye,w
Girsch,m
Gisa,w
Gisbert,m
Gisela,w
Giselle,w
Giselle-Joyce,w
Gitano,m
Giulia,w
Giuliana,w
Giuliano,m
Giulio,m
Giuseppa,w
Giuseppe,m
Giuseppina,w
Givara,m
Gizem,w
Gjerggj,m
Gjin,m
Gjyle,w
Gleb,m
Glenna,w
Gloria,w
Glory,w
Godfried,m
Godo,m
Gökçe,w
Gökhan,m
Göktuğ,m
Golda,w
Goni,m
Gönül,w
Gonzalo,m
Goran,m
Gordon,m
Gottfried,m
Gottfrieda,w
Gözde,w
Grace,w
Graham,m
Grana,w
Grant,m
Granth,m
Grazia,w
Graziella,w
Greatness,w
Gregor,m
Gregorius,m
Gregory,m
Greta,w
Grete,w
Grezia,w
Guerau,m
Guerino,m
Gül,w
Gülar,w
Güler,w
Gülizar,w
Gülnur,w
Gülsüm,w
Gültijana,w
Gunda,m
Güneş,w
Güney,m
Güngör,m
Gunnar,m
Günter,m
Guo,m
Gurnidh,w
Gurseerat,w
Gustav,m
Gustavo,m
Güven,m
Gvanca,w
Gyunay,w
Gyurgieva,w
Habeeb,m
Habib,m
Habiba,w
Habibe,w
Hacer,w
Hadicha,w
Hadija,w
Hadis,m
Hafsa,w
Hager,w
Haider,m
Haijan,w
Hailun,w
Hajar,w
Hakan,m
Hakob,m
Haktan,m
Halil,m
Halime,w
Hamad,m
Hamid,w
Hammi,m
Hamna,w
Hamza,m
Han,m
Hana,w
Hanh,w
Hania,w
Hanife,w
Hanım,w
Hanjo,m
Hanna,w
Hannah,w
Hanne,w
Hanneli,w
Hannes,m
Hannibal,m
Hanno,m
Hans,m
Hans-Peter,m
Hao,m
Happy,w
Harald,m
Hardy,m
Haris,m
Harnoor,m
Haroon,m
Harri,m
Harry,m
Harun,m
Haruna,w
Hasan,m
Haset,w
Hasret,w
Hassan,m
Hassib-Can,m
Hatice,w
Haticesu,w
Hatun,w
Haura,w
Havin,w
Havîn,w
Havva,w
Hawa,w
Hayat,w
Haydar,m
Hayder,m
Hayley,w
Haylie,w
Hayriye,w
Hazal,w
Hazbije,w
Hazel,w
Hazim,m
Hebun,w
Hector,m
Hedda,w
Hedi,m
Hedwig,w
Hedy,w
Heidi,w
Heike,w
Heiko,m
Heini,m
Heinke,w
Heinrich,m
Heinz,m
Heja,m
Helal,m
Helan,w
Helen,w
Helena,w
Helene,w
Heléne,w
Helga,w
Helge,m
Helin,w
Hélio,m
Helma,w
Helmine,w
Helmut,m
Héloïse,w
Helvin,w
Hendrik,m
Heng,m
Henk,m
Henna,w
Hennes,m
Henning,m
Henny,w
Henri,m
Henric,m
Henriette,w
Henrik,m
Henrike,w
Henry,m
Henryk,m
Herbert,m
Hermann,m
Hermine,w
Herrmann,m
Herwig,m
Hevalcan,m
Hewad,m
Hiba,w
Hichem,m
Hidaya,w
Hikmah,w
Hilal,w
Hildegard,w
Hilmar,m
Hilmi,m
Hilpert,m
Hira,w
Hiranur,w
Hisham,m
Hividar,m
Holger,m
Holly,w
Honour,m
Honya,w
Hope,w
Houda,w
Houde,w
Hovsep,m
Hozan,m
Hubert,m
Hubertus,m
Hüdanur,w
Hudson,m
Hugo,m
Huisu,w
Hulda,w
Hulusi,m
Humayun,m
Hümeyra,w
Husere,m
Hüseyin,m
Hussain,m
Hussein,m
Huy,m
Huzeyfe,m
Ian,m
Iane,w
Ianis,m
Iason,m
Iazmina,w
Ibn,m
Iboukoun,m
Ibrahim,m
İbrahim,m
Ibrohimbek,m
Ida,w
Ida-Marie,w
Idan,m
Idaye,w
İdil,w
Ifeanyi,m
Igor,m
Igorevič,m
Igorevna,w
Ihsan,m
Ijeoma,w
Ikenna,m
Ikra,w
İkra,w
Ikram,w
Ikrapreet,w
İla,w
Ilahda,w
Ilan,m
Ilana,w
Ilana-Theodora,w
Ilaria,w
Ilary,w
Ilay,w
İlay,w
İlaya,w
Ilayda,w
İlayda,w
Ildikó,w
Ileana,w
Ilenia,w
Ilesanmi,w
Iley,w
İlhan,m
Ilia,m
Ilian,m
Iliana,w
Ilias,m
Ilja,m
Iljes,m
Ilona,w
Ilvy,w
Ilyana,w
Ilyas,m
İlyas,m
Ilyes,m
Iman,m
Imara,w
Immanuel,m
Imran,m
İmran,m
Ina,w
Inan,m
İnci,w
Ines,w
Inga,w
Inge,w
Ingeborg,w
Ingo,m
Ingrid,w
Inja,w
Inken,w
Insun,w
Inti,m
Ioan,m
Ioana,w
Ioanna,w
Ioannis,m
Ion,m
Ionuţ,m
Iosif,m
İpek,w
Ira,w
İrem,w
Irena,w
Irene,w
Ireoluwa,w
Irina,w
Iris,w
Irma,w
Irmgard,w
Isa,m
Isaac,m
Isaak,m
Isabel,w
Isabela,w
Isabell,w
Isabella,w
Isabelle,w
Isadora,w
Isai,m
Isaja,m
Isám,m
Ischan,m
Ishak,m
İshak,m
Isiah,m
Işik,w
Isin,m
Işıl,w
Ișıl,w
Islam,m
Ismael,m
Ismail,m
İsmail,m
Ismeta,w
Ismini,w
Isra,w
İsra,w
Israa,w
Issa,m
Issam,m
Isshak,m
Istemihan,m
Itaf,w
Itua,w
Iva,w
Ivan,m
Ivana,w
Ivano,m
Ivaylova,w
Iven,m
Ivie,w
Ivo,m
Ivonne,w
Ivy,w
Iwinosa,m
Iyabode,w
Iyad,m
Iyanou,m
Iza,m
Izabel,w
Izabela,w
Izabella,w
Izei,m
İzel,w
İzem,w
Izzet,m
Izzie,w
Jaan,m
Jabed,m
Jacek,m
Jack,m
Jackie,m
Jacob,m
Jacques,m
Jacy,m
Jad,m
Jaden,m
Jaden-Manoh,m
Jadon-Laurent,m
Jael,w
Jaelle,w
Jafar,m
Jago,m
Jahne,w
Jaime,m
Jainur,m
Jake,m
Jakob,m
Jakov,m
Jakovlevič,m
Jakub,m
Jalil,m
Jamaine,m
Jamal,m
Jamalia,w
Jamaro,m
James,m
James-London,m
Jamie,m
Jamil,m
Jamila,w
Jamilia,w
Jamiro,m
Jamy,w
Jamyang,m
Jan,m
Jan-Alexander,m
Jan-Christian,m
Jan-Gabriel,m
Jan-Hauke,m
Jan-Luca,m
Jan-Marco,m
Jan-Michel,m
Jan-Niclas,m
Jana,w
Jane,w
Janek,m
Janero,m
Jani,m
Janina,w
Janine,w
Janis,m
Janiyah,w
Janka,w
Janna,w
Jannah,w
Jannat,w
Janne,w
Jannes,m
Jannick,m
Jannik,m
Jannis,m
Jano,m
Janoš,m
Janosch,m
Janssen,w
Janusz,m
Japnoor,w
Jaqueline,m
Jara,w
Jaran,m
Jared,m
Jari,m
Jarle,m
Jarmo,m
Jarne,m
Jarno,m
Jaro,m
Jaron,m
Jaroslaw,m
Jarosław,m
Jary,m
Jasim,m
Jasin,m
Jasko,m
Jasmin,w
Jasmina,w
Jasmine,w
Jason,m
Jasper,m
Jasse,m
Jasskeerat,w
Jastine-Marie,w
Jasu,m
Javid,m
Javier,m
Javin,m
Jawad,m
Jawin,m
Jay,m
Jayce,w
Jayda,w
Jayden,m
Jayden-Leon,m
Jaydon,m
Jayel,m
Jayla,w
Jayna,w
Jaysen,m
Jayson,m
Jazib,m
Jazzoú,m
Jeamie,m
Jean,m
Jean-Nicholas,m
Jean-Paul,m
Jean-Pierre,m
Jean-Rémi,m
Jean-Tayfun,m
Jeanne,w
Jedidiah,m
Jeffrey,m
Jeffrey-Kouassi,m
Jekaterina,w
Jelena,w
Jelle,m
Jendrik,m
Jenelle,w
Jenna,w
Jenne,m
Jennifer,w
Jenny,w
Jens,m
Jeremia,m
Jeremias,m
Jérémie,m
Jeremy,m
Jermain,m
Jermaine,m
Jerome,m
Jeromé,m
Jerôme,m
Jérôme,m
Jesaya,m
Jescher,m
Jesen,m
Jesina,w
Jesse,m
Jessica,w
Jessy,w
Jetesa,w
Jetsada,m
Jette,w
Ji-Eun,w
Jia,w
Jiahang,m
Jiahao,m
Jianwen,w
Jiar,m
Jiho,m
Jihu,m
Jil,w
Jill,w
Jillian,w
Jillisa,w
Jilou,w
Jim,m
Jingga,w
Jinna,w
Jintian,m
Jir,m
Jiro,m
Jiyan,m
Jo,m
Joa,m
Joachim,m
Joah,m
Joan,m
Joana,w
Joanna,w
João,m
Joaquim,m
Joas,m
Jochen,m
Joe,m
Joel,m
Joël,m
Joel-Miguel,m
Joela,w
Joelina-Sophie,w
Joena,w
Joenna,w
Joh-A,m
Joha,m
Johan,m
Johann,m
Johanna,w
Johanna-Cristina,w
Johanne,w
Johannes,m
John,m
John-Edouard,m
John-Luca,m
John-Lucca,m
John-Maximilian,m
John-Paul,m
Johnny,m
Jojo,m
Joko,m
Jolanda,w
Jolanta,w
Jolee,w
Joleen,w
Jolie,w
Jolien,w
Jolina,w
Joline,w
Jolino,m
Jon,m
Jona,m
Jonah,m
Jonas,m
Jonas-Marlon,m
Jonathan,m
Joni,w
Jonis,m
Jonna,w
Jonne,m
Jonte,m
Joost,m
Jordan,m
Jordanka,w
Jordi,m
Jordyn,w
Jörg,m
Jori,m
Joris,m
Jörn,m
Joscha,m
Joschua,m
Jose',m
Josef,m
Josefin,w
Josefina,w
Josefine,w
Joseph,m
Josephin,w
Josephina,w
Josephine,w
Joséphine,w
Josephine-Mariella,w
Joses,m
Josh,m
Josha,m
Joshea,w
Joshua,m
Josie,w
Jost,m
Josuel,m
Josy,w
Jovan,m
Jovanny,m
Joy,w
Joyce,w
Jozef,m
József,m
Judit,w
Judith,w
Juhani,m
Jul,w
Jula,w
Jule,w
Julen,m
Jules,m
Juli,w
Julia,w
Julia-Sophie,w
Julian,m
Julián,m
Juliana,w
Juliana-Melina,w
Juliane,w
Juliano,m
Julide,w
Julie,w
Julie-Elaine,w
Julien,m
Julienne,w
Juliet,w
Julietta,w
Juliette,w
Julijan,m
Julijana,w
Julika,w
Julin,w
Julina,w
Julio,m
Julius,m
Juls,m
Jun,m
Juna,w
June,w
Junes,m
Juni,w
Junia,w
Junior,m
Junis,m
Juno,w
Junus,m
Junyi,m
Jur'ervna,w
Jürgen,m
Juri,m
Jurik,m
Juris,m
Jury,m
Jussi,m
Justin,m
Justin-Domenik,m
Justinian,m
Justus,m
Justyna,w
Jusuf,m
Jutta,w
Kaan,m
Kabeya,w
Kacpar,m
Kacper,m
Kader,w
Kadim,m
Kadlin,w
Kahu,m
Kai,m
Kai-Chen,m
Kai-Si-Lin,w
Kaila,w
Kain,m
Kaixuan,m
Kaiyan,w
Kaja,w
Kajala,m
Kajetan,m
Kakeru,m
Kalea,w
Kaleb,m
Kaleem,m
Kalle,m
Kalliope,w
Kalsum,w
Kalysha,w
Kamil,m
Kamila,w
Kamillus,m
Kamiran,m
Kanaiza,w
Kandys,w
Kangni,m
Kani,w
Kani-Aram,m
Kanta,m
Kaori,w
Kara,w
Karam,m
Kariem,m
Karim,m
Karin,w
Karina,w
Karl,m
Karla,w
Karlheinz,m
Karlina,w
Karlo,m
Karlotta,w
Karlsson,m
Karntida,w
Karol,m
Karola,w
Karolina,w
Karoline,w
Karsten,m
Karunya,w
Karwan,m
Kasamba,w
Kasandro,m
Kasim,m
Kasimir,m
Kaspar,m
Kasper,m
Kaspian,m
Kassandra,w
Katalea,w
Katalin,w
Katarina,w
Kate,w
Katerina,w
Kathalea,w
Kathalina,w
Katharina,w
Käthe,w
Kathleen,w
Kathrin,w
Kathryn,w
Kathy,w
Katia,w
Katie,w
Katja,w
Katrin,w
Katrina,w
Kaur,w
Kavar,m
Kawtar,w
Kaya,m
Kayhan,m
Kayla,w
Kayode,m
Kayra,m
Kazadi,w
Kazim,m
Kazuma,m
Keanu,m
Kedus,m
Keke,m
Kekeli,m
Kelly,w
Kemal,m
Kenan,m
Kenan-Davide,m
Kenandjo,m
Kendra,w
Kenny,m
Keno,m
Kenza,w
Kenzo,m
Kenzou,m
Keoni,m
Kerem,m
Kerim,m
Kerstin,w
Kester,m
Ketsia,w
Kevin,m
Keyan,m
Keyvan,m
Kezia,w
Khadija,w
Khai,m
Khalde,m
Khaled,m
Khalid,w
Khan,m
Khánh,w
Khanya,m
Khao,m
Kian,m
Kiana,w
Kiano,m
Kiara,w
Kiavash,m
Kidon,m
Kien,m
Kilian,m
Kim,w
Kimani,m
Kimberly,w
Kimet,w
Kimiya,w
Kimo,m
Kipchumba,m
Kiplimo,m
Kira,w
Kirembe,w
Kirill,m
Kirilova,w
Kishwar,w
Kiyan,m
Kiymet,w
Kılıçarslan,m
Kjell,m
Klara,w
Klarissa,w
Klaudia,w
Klaudiusz,m
Klaus,m
Klaus-Dieter,m
Klee,w
Kolbert,m
Kolja,m
Koloman,m
Komla,m
Konas,m
Konrad,m
Konstantin,m
Konstantina,w
Konstantinas,m
Konstantinos,m
Kony,w
Koray,m
Korbinian,m
Kosofi,m
Kostja,m
Kothe,m
Krasimir,m
Krasirirova,w
Krey,w
Krishna,m
Krister,m
Kristian,m
Kristián,m
Kristin,w
Kristina,w
Kristofer,m
Kristopher,m
Ksenija,w
Kuba,m
Kubilay,m
Kübra,w
Kulatay,m
Kuno,m
Kurt,m
Kuvutukila,m
Kuzey,m
Kwaku,m
Kwasi,m
Kyara,w
Kyazim,m
Kylian,m
Kylian-Enes,m
Kymia,w
Kyra,w
L'Or,w
Laara,w
Ladyjan,w
Laetitia,w
Lahja,w
Laia,w
Laila,w
Laith,m
Lale,w
Lalitā,w
Lamies,w
Lamija,w
Lamis,w
Lämis,w
Lana,w
Lana-Jolie,w
Lani,w
Lanie,w
Lanja,w
Lara,w
Lara-Jane,w
Lara-Sophie,w
Lareen,w
Largun,m
Larin,w
Laris,m
Larissa,w
Larry,m
Lars,m
Lartey,m
Larvin,w
Lasse,m
László,m
Latifa,w
Latisha,w
Laui,m
Lauin,m
Laura,w
Laura-Katharina,w
Laura-Marie,w
Laura-Michelle,w
Laureen,w
Laurélie,w
Laurena,w
Laurence,m
Laurens,m
Laurentin,m
Laurentius,m
Laurenz,m
Laurin,m
Lauryn,w
Lava,w
Lavand,m
Lavin,w
Lavinia,w
Layal,w
Layan,w
Layla,w
Lea,w
Lea-Joleen,w
Lea-Manuela,w
Lea-Marie,w
Lea-Michelle,w
Lea-Sophie,w
Leah,w
Lean,m
Leana,w
Leander,m
Leandra,w
Leandro,m
LeAnn,w
Leano,m
Leart,m
Learta,w
Leberecht,m
Lediana,w
Ledion,m
Lee,m
Leefke,w
Leevi,m
Leevke,w
Legolas,m
Lehat,m
Leia,w
Leif,m
Leila,w
Leilah,w
Leilja,w
Lejla,w
Lejs,m
Leland,m
Lemia,w
Lemis,w
Len,m
Lena,w
Léna,w
Lena-Sophie,w
Lendo,m
Lene,w
Lené,w
Leni,w
Leni-Marie,w
Lenia,w
Lenja,w
Lenko,m
Lenn,m
Lennard,m
Lennart,m
Lennert,m
Lennet,m
Lennik,m
Lennis,m
Lennon,m
Lennox,m
Lenny,m
Lenox,m
Lenya,w
Lenz,m
Leo,m
Leon,m
Léon,m
Leon-Joel,m
Leona,w
Leonado,m
Leonard,m
Leonardo,m
Leone,m
Leonel,m
Leonhard,m
Leonhard-Lukas,m
Leonhart,m
Leoni,w
Leonidas,m
Leonidas-Alejandro,m
Leonie,w
Leonie-Katharina,w
Leonora,w
Leonore,w
Leontine,w
Leony,w
Leopold,m
Leora,w
Lepa,w
Lera,w
Leroy,m
Lessia,w
Lester,m
Leticia,w
Letícia,w
Letitia,w
Letizia,w
Lev,m
Leven,m
Levenov,m
Levent,m
Levi,m
Levin,m
Levinia,w
Lewan,w
Lewin,m
Lewis,m
Lex,m
Lexan,w
Leya,w
Leyan,w
Leyao,w
Leyla,w
Leyli,w
Leyna,w
Leyre,w
Leyya,w
Lezan,w
Li,w
Lia,w
Lía,w
Lia-Malin,w
Lia-Sophie,w
Lia-Tiara,w
Liah,w
Liah-Emilia,w
Liam,m
Liam-Joel,m
Lian,m
Liana,w
Liandra,w
Liann,w
Liano,m
Liao,w
Liara,w
Lias,m
Lias-Lucas,m
Licinia,w
Lidia,w
Liebrecht,m
Liese,w
Lieselotte,w
Lieslotte,w
Liev,m
Lif,w
Liisa,w
Lila,w
Lili,w
Lilia,w
Lilian,w
Liliana,w
Liliane,w
Lilith,w
Lilja,w
Lillan,w
Lille,w
Lillebror,m
Lilli,w
Lillian,w
Lillien,w
Lillith,w
Lilly,w
Lilly-Lou,w
Lilly-Malou,w
Lilly-Marie,w
Lilo,w
Lilou,w
Lily,w
Lina,w
Lina-Amelie,w
Linas,m
Linda,w
Line,w
Linh,w
Linn,w
Linnea,w
Lino,m
Linos,m
Linus,m
Linyinhao,m
Linyun,w
Lio,m
Lioba,w
Lion,m
Lionel,m
Lior,m
Liridona,w
Lirim,m
Lisa,w
Lisa-Marie,w
Lisan,w
Lisandro,m
Lisann,w
Lisanne,w
Lisbeth,w
Lise,w
Liselotte,w
Lissandro,m
Lissandru,m
Lissy,w
Liv,w
Liva,w
Livia,w
Liya,w
Liyana,w
Liz,w
Lizzi,w
Ljubo,m
Loart,m
Logan,m
Loïc,m
Loki,w
Lola,w
Lolan,m
Long,m
Loni,w
Lora,w
Loran,m
Lore,w
Loredana,w
Loreen,w
Loreen-Leyla,w
Lorena,w
Lorenda,w
Lorenz,m
Lorenza,w
Lorenzo,m
Loresa,w
Loreta,w
Loretta,w
Lorik,m
Lorin,w
Lorina,w
Lorine,w
Loris,m
Losinda,w
Lothar,m
Lotta,w
Lotte,w
Lotte-Marie,w
Lotti,w
Lou,w
Louan,m
Loucas,m
Louie,m
Louis,m
Louisa,w
Louise,w
Loukas,m
Loulou,w
Lovelyn,w
Lovisa,w
Lowis,m
Lu,m
Lua,w
Luan,m
Luana,w
Luana-Emilia,w
Luay,m
Luba,w
Lubna,w
Luc,m
Luca,m
Luca-Joel,m
Luca-Liam,m
Luca-Noel,m
Lucas,m
Lucia,w
Lucía,w
Lucia-Mariella,w
Lucian,m
Luciana,w
Lucie,w
Lucien,m
Lucija,w
Lucy,w
Luděk,m
Ludger,m
Ludgera,w
Ludvig,m
Ludwig,m
Luigi,m
Luis,m
Luis-Alexander,m
Luisa,w
Luise,w
Luiza,w
Luk,m
Luka,m
Lukani,m
Lukas,m
Lukas-Alexander,m
Luke,m
Lulu,w
Lulyana,w
Luminița,w
Luna,w
Lunas,m
Lutz,m
Luuk,m
Lux,m
Luz,w
Luzi,w
Luzia,w
Luzie,w
Lya,w
Lydia,w
Lynn,w
Lynne,w
Lynnette,w
Lynnsha,w
Lysanne,w
Lyson,m
Maa,w
Maajan,w
Maari,w
Maarten,m
Mabelcia,w
MacGregor,w
Madalena,w
Madalina,w
Madelaine,w
Madeleine,w
Madeline,w
Madicken,w
Madison,w
Madita,w
Madonna,w
Mads,m
Mae,w
Mael,m
Maëlle,w
Magaly,w
Magdalena,w
Magdalene,w
Magdalina,w
Magnus,m
Mahab,m
Mahdi,m
Mahgoub,m
Mahi,m
Mahir,m
Mahmoud,m
Mahmud,w
Mahtab,w
Mai,w
Maia,w
Maiara,w
Maidie,w
Maik,m
Maika,w
Maike,w
Maila,w
Mailin,w
Mailo,m
Mailo-Maxim,m
Maira,w
Maitje,w
Maja,w
Maja-Luise,w
Mäjda,w
Majra,w
Majrije,w
Makaio,m
Maksim,m
Malachi,m
Malaika,w
Malak,w
Malea,w
Maleen,w
Malek,m
Malen,w
Malena,w
Mali,w
Malia,w
Maliah,w
Malicia,w
Malik,m
Malik-Emin,m
Malika,w
Malin,w
Målin,w
Malina,w
Maliq,m
Malise,w
Maljen,m
Malou,w
Malte,m
Malu,w
Malwina,w
Mama,w
Mame,w
Manal,w
Manasse,m
Manav,m
Mandy,w
Mane,w
Manfred,m
Mantas,m
Manuel,m
Manuela,w
Mara,w
Maram,w
Marana,w
Marc,m
Marc-Antonio,m
Marcel,m
Marcelino,m
Marcelk,m
Marcella,w
Marcello,m
Marcin,m
Marco,m
Marcus,m
Mardan,w
Mareike,w
Maren,w
Maresa,w
Margaret,w
Margareta,w
Margarete,w
Margarethe,w
Margit,w
Margitta,w
Margot,w
Margret,w
Mari,w
Mari,m
Maria,w
Mária,w
Maria-Anna,w
Maria-Christina,w
Maria-Grazia,w
Maria-Victoria,w
Mariah,w
Mariam,w
Marian,m
Mariana,w
Mariann,w
Marianne,w
Marianova,w
Maribel,w
Maribelle,w
Marie,w
Marié,w
Marie-Claire,w
Marie-Sol,w
Marieke,w
Mariela,w
Mariella,w
Marielou,w
Marietta,w
Mariette,w
Marija,w
Marijke,w
Marika,w
Marilou,w
Marin,m
Marina,w
Mario,m
Márió,m
Marion,w
Marios,m
Mariov,m
Maris,m
Marisa,w
Marisol,w
Marissa,w
Marit,w
Marius,m
Mariusz,m
Mariyam,w
Marjan,m
Marjanna,w
Marje,w
Mark,m
Marko,m
Markus,m
Marla,w
Marleen,w
Marlen,w
Marlena,w
Marlene,w
Marlène,w
Marley,m
Marlie,w
Marlies,w
Marlo,m
Marlon,m
Marni,w
Maroua,w
Marouane,m
Marquez,m
Marris,m
Marson,m
Marta,w
Marten,m
Martha,w
Martin,m
Martín,m
Martina,w
Martine,w
Martinova,w
Maru,m
Maruf,m
Marusha,w
Marvin,m
Marwa,w
Marwan,m
Mary-Ann,w
Maryam,w
Maryse,w
Masali,w
Mascha,w
Masinga,m
Masoumeh,w
Massimo,m
Mata,w
Matay,m
Matea,w
Mateja,w
Mateo,m
Maternus,m
Mateusz,m
Mathai,m
Mathea,w
Mathei,m
Matheo,m
Mathéo,m
Matheus,m
Mathias,m
Mathieu,m
Mathilda,w
Mathilde,w
Mathis,m
Mathys,m
Matilda,w
Matilde,w
Matin,m
Matis,m
Mats,m
Mattea,w
Matteo,m
Mattes,m
Matthäus,m
Matthea,w
Mattheo,m
Mattheos,m
Matthes,m
Matthew,m
Matthi,m
Matthias,m
Matthieu,m
Matthis,m
Matti,m
Mattia,m
Mattis,m
Matylda,w
Matz,m
Maud,w
Maudiel,m
Maurice,m
Mauriz,m
Mavi,w
Mavie,w
Mawamba,w
Max,m
Maxi,w
Maxim,m
Maxima,w
Maxime,w
Maximilan,m
Maximilian,m
Maximilian-Alexander,m
Maximiliano,m
Maximilien,m
Maximillian,m
Maximus,m
Maxwell,m
May,w
Maya,w
Mayira,w
Mayla,w
Maylin,w
Maysam,w
Mayssa,w
Mayumi,w
Mckenna,m
Medina,w
Medine,w
Megan,w
Mehdi,m
Mehmed,m
Mehmedova,w
Mehmet,m
Mehri,w
Mehtap,w
Meik,m
Meike,w
Meja,w
Mejra,w
Melaine,w
Melanie,w
Melany,w
Meldin,m
Melek,w
Meleksu,w
Melesa,w
Melia,w
Melih,m
Meliha,w
Melik,m
Melike,w
Meliksah,m
Melin,w
Melina,w
Melina-Sofie,w
Melinay,w
Melind,w
Melinda,w
Melis,w
Melisa,w
Melissa,w
Melissa,m
Melitta,w
Meliyah,w
Melodi,w
Melody,w
Melody-Jolie,w
Melvin,m
Mendim,m
Menessa,w
Meo,m
Mera,w
Meraz,w
Mercan,m
Mercedes,w
Mercy,w
Merema,w
Meriam,w
Meriana,w
Meriem,w
Merit,w
Merle,w
Merlin,m
Mersudin,m
Mert,m
Mertcan,m
Merthan,m
Mervan,m
Merve,w
Mervi,w
Meryem,w
Merziye,w
Mesut,m
Meta,w
Mete,m
Metehan,m
Metin,m
Metodieva,w
Mette,w
Meva,w
Mevlida,w
Mevlüdiye,w
Mex,m
Mey,w
Meylin,w
Meyra,w
Mi,w
Mia,w
Mia-Fay,w
Mia-Luisa,w
Mia-Maria,w
Mia-Marie,w
Mia-Sophie,w
Mian,m
Micah,m
Michael,m
Michaela,w
Michaele,w
Michail,m
Michal,w
Michel,m
Michelangelo,m
Michele,m
Michèle,w
Michelle,w
Mick,m
Mickael,m
Mickie,m
Mida,w
Midgard,m
Mieke,w
Miezi,w
Migel,m
Miglena,w
Miguel,m
Mihaiela,w
Mihrimah,w
Miia,w
Miika,m
Miikka,m
Miina,w
Mijo,m
Mik,m
Mika,m
Mikael,m
Mikail,m
Mikayla,w
Mike,m
Mikeèl,m
Mikel,m
Mikel-Joseph,m
Mikko,m
Miklas,m
Miko,m
Mila,w
Milan,m
Mílan,m
Milana,w
Milane,m
Milano,m
Milanov,m
Milas,m
Milena,w
Miles,m
Miley,w
Miliano,m
Miliano-Marko,m
Milina,w
Milla,w
Million,w
Milo,m
Milou,w
Milu,w
Mimi,w
Mimouna,w
Min,w
Mina,w
Mina-Hatice,w
Mina-Sophie,w
Minahil,w
Mine,w
Minea,w
Minh,m
Minna,w
Mino,m
Minoo,w
Minou,w
Minouk,w
Minu,w
Minze,w
Mio,m
Mir,m
Mira,w
Mîra,w
Mirac,m
Miraç,m
Miran,m
Miranda,w
Miray,w
Mirco,m
Mirek,m
Mirella,w
Mirhat,m
Miriam,w
Mirijam,w
Mirjam,w
Mirkan,m
Mirko,m
Miro,m
Miron,m
Miroslav,m
Mirso,m
Mirta,w
Miryam,w
Mirza,m
Mischa,m
Misha,w
Misket,m
Mislina,w
Mithat,m
Mitja,m
Mitkova,w
Miveck,m
Mizgin,w
Mıra,w
Mjellma,w
Mo,m
Moa,w
Moana,w
Moez,m
Moh,m
Mohamed,m
Mohamed-Amin,m
Mohammad,m
Mohammed,m
Mokonen,m
Molk,w
Mollie,w
Momme,m
Momo,w
Momoka,w
Mona,w
Mongia,w
Monika,w
Monique,w
Morad,m
Morayooluwa,w
Morena,w
Morena-Noelia,w
Moriba,m
Morice,m
Moritz,m
Moritz-Johannes,m
Morten,m
Moses,m
Moshe,m
Moss,m
Mouad,m
Mouhab,m
Mouhamed,m
Mouréwa,m
Moury,m
Mox,m
Moya,w
Mpiasa,w
Mriana,w
Muarem,m
Muazzez,w
Mudaser,m
Mudgalā,w
Muhamed,m
Muhammad,m
Muhammed,m
Muhammed-Ensar,m
Muhammet,m
Muharem,m
Muharrem,m
Muna,w
Murad,m
Murat,m
Muriel,w
Muriel-Patrizia,w
Musa,m
Musab,m
Muskaan,w
Muskan,w
Mussie,m
Mustafa,m
Musto,m
My,w
Myra,w
Myriam,w
Myric,m
Nabas,m
Nabaz,w
Nabiha,w
Nabil,m
Nada,w
Nadaa,w
Nadine,w
Nadja,w
Naeel,m
Naemi,w
Nafia,w
Nafiz,m
Nahla,w
Nahuel,m
Nai,m
Naila,w
Naim,m
Naima,w
Naira,w
Nairi,w
Naja,w
Najla,w
Naki,m
Nala,w
Nalan,w
Nalau,m
Naledi,w
Nalia,w
Nalin,w
Nandipa,w
Nandni,w
Nannerl,w
Nanouk,w
Nanthan,m
Nao,m
Naomi,w
Nara-Marie,w
Narcis,m
Narella,w
Narin,w
Nas,w
Nasim,m
Nasrin,w
Nassim,m
Nastassja,w
Natalia,w
Natalie,w
Natalya,w
Natami,w
Natanim,m
Nathalie,w
Nathan,m
Nathanael,m
Nathaniel,m
Nati,w
Natnael,m
Natsuki,m
Natsumi,w
Nauli,w
Navid,m
Navin,m
Nawa,m
Naya,w
Naydenkova,w
Nayeli,w
Nayla,w
Naz,w
Naze,w
Nazile,w
Nazire,w
Nazlie,w
Nazlı,w
Ndabaningi,m
Nea,w
Neah,w
Neal,m
Necati,m
Neda,w
Nedim,m
Neel,m
Neela,w
Neele,w
Neels,m
Neema,w
Nefeli,w
Nefes,w
Neha,m
Nehir,w
Neila,w
Nejma,w
Nela,w
Nele,w
Neli,m
Nelia,w
Nelina,w
Nelio,m
Nelja,w
Nell,w
Nelli,w
Nelly,w
Nelson,m
Nena,w
Nenad,m
Neo,m
Nepomuk,m
Nereo,m
Nergiz,w
Nermin,w
Nervin,w
Nerwin,m
Neşe,w
Nesibe,w
Nesrine,w
Nessim,m
Nestor,m
Neva,w
Nevina,w
Nevio,m
Neyla,w
Neymar,m
Nganga,m
Ngankeng,w
Nganzongo,w
Ngao,m
Ngefah,w
Ngoc,w
Ngọc,w
Ngoc-Thi,w
Ngole,m
Ngozichukwu,w
Nhi,w
Nhung,w
Nia,w
Nian,m
Niayesh,w
Nic,m
Nica,w
Nicholas,m
Nick,m
Nicki,m
Nicklas,m
Niclas,m
Nico,m
Nicolae,m
Nicolai,m
Nicolas,m
Nicole,w
Nicolina,w
Nicoló,m
Nida,w
Nidia,w
Nigar,w
Nihal,w
Nihan,w
Niilo,m
Nik,m
Nika,w
Nikan,m
Nikanor,m
Nike,w
Nikhil,m
Niki,w
Nikita,m
Nikka,w
Nikki,w
Niklas,m
Niko,m
Nikola,w
Nikolaevna,w
Nikolai,m
Nikolajewitsch,m
Nikolaos,m
Nikolas,m
Nikolaus,m
Nikolay,m
Nil,m
Nila,w
Nilay,w
Nils,m
Nils-Robert,m
Nils-Yannick,m
Nilüfer,w
Nima,m
Nime,w
Nimi,w
Nina,w
Nino,m
Ninou,w
Niobé,w
Nisa,w
Nisa-Nur,w
Nisanur,w
Nisha,w
Niwasu,w
Niyazi,m
Nizet,m
Noa,m
Noah,m
Noam,m
Noe,m
Noée,w
Noel,m
Noél,m
Noël,m
Noelia,w
Noelia-Salome,w
Noelie,w
Noemi,w
Noemí,w
Noomi,w
Nora,w
Noran,w
Norbert,m
Norden,m
Nordger,m
Noreen,w
Normaline,w
Norman,m
Noro,m
Norwin,m
Nouk,m
Nour,w
Nouri,m
Nova,w
Nsakuameso,w
Nseya,w
Nu,w
Nuala,w
Nuan,m
Nuno,m
Nur,w
Nura,w
Nurdzhan,w
Nurgül,w
Nuri,m
Nuria,w
Nuzhan,m
Nvar,m
Nwakego,w
Nwamaka,w
Nyah,w
Obed,m
Obiagu,w
Obinna,m
Océane,w
Octavio,m
Odin,m
Odo,m
Odysseus,m
Oghenevwoke,m
Oghosa,m
oğlu,m
Ognyanova,w
Oğuz,m
Oguzhan,m
ohne,w
Oisín,m
Oka,m
Oktay,m
Olaf,m
Olajuwon,m
Olatunde,m
Ole,m
Olga,w
Oline,w
Olisemeke,m
Olive,w
Oliver,m
Oliverovitch,m
Olivia,w
Olivier,m
Oliwia,w
Olla,m
Oluwanifemi,w
Oluwapamilerimayo,m
Oluwasegun,m
Omar,m
Omeed,m
Omer,m
Ömer,m
Ömerfaruk,m
Omid,m
Omoruyi,m
Oni,m
Onur,m
Onyedikachukwu,m
Opeyemi,w
Ophelia,w
Orçun,m
Oré,w
Orestis,m
Orhan,m
Orlanda,w
Orlando,m
Ornela,w
Ornella,w
Osagie,m
Osahenrhumwen,m
Osaivbie,w
Osamuyimen,m
Osarobo,m
Osayuki,m
Oscar,m
Oseibhue,m
Oskar,m
Osman,m
Osniel,m
Osose,m
Ossip,m
Osuochukwu,w
Otabekovich,m
Otis,m
Ottilie,w
Otto,m
Ouafae,w
Ouarda,w
Oumnia,w
Ousmane,m
Owen,m
Oxana,w
Ozan,m
Ozan-Fuat,m
Özay,m
Özcan,m
Özge,w
Pablo,m
Pál,m
Pali,w
Palin,w
Pamadou,m
Pamela,w
Pamino,m
Pana,m
Panagiota,w
Paniya,w
Panko,m
Pantelis,m
Paolo,m
Papillon,w
Paradise,w
Pardis,w
Paris-Sophie,w
Parker,m
Parmis,w
Pars,m
Parsa,m
Parzival,m
Pascal,m
Pasquale,m
Patricia,w
Patricio,m
Patrick,m
Patrick-Gabriel,m
Patrik,m
Patrizia,w
Paul,m
Paul-Benjamin,m
Paul-Norlen,m
Paula,w
Pauliana-Antonia,w
Paulina,w
Pauline,w
Paulo,m
Paulus,m
Pavel,m
Pavlos,m
Pavlovna,w
Peer,m
Peiling,w
Pelda,w
Pelé,m
Pelin,w
Pelle,m
Pendo,w
Pepe,m
Per,m
Perihan,w
Perwer,m
Petar,m
Peter,m
Petra,w
Petronella,w
Petrose,m
Petyov,m
Phanuel,m
Phebe,w
Phil,m
Phileas,m
Philia,w
Philian,m
Philina,w
Philine,w
Philip,m
Philipp,m
Philippa,w
Philippe,m
Phillip,m
Phillipp,m
Philomena,w
Phúc,m
Pia,w
Pierre,m
Piet,m
Pieter,m
Pietro,m
Pilar,w
Pina,w
Pinar,w
Pio,m
Piper,w
Pippa,w
Piranavy,w
Pirmin,m
Pitchanan,w
Piter,m
Plamenova,w
Pola,w
Polina,w
Polly,w
Popeye,m
Poyraz,m
Precillia,w
Prenda,m
Preston,m
Prince,m
Princess,w
Priya,w
Pusat,m
Qianhua,m
Qidai,m
qizi,w
Quail,m
Quang-Lam,m
Quentin,m
Quevedo,m
Quin,m
Quinn,m
Rabia,w
Rabin,m
Rachel,w
Rada,w
Radin,m
Radu,m
Rafael,m
Rafal,m
Raffael,m
Raffaele,m
Ragna,w
Ragnar,m
Rahel,w
Rahil,m
Rahma,w
Raik,m
Rainer,m
Raissa,w
Ralf,m
Ralph,m
Ramadan,m
Ramand,m
Ramazan,m
Ramin,m
Ramiz,m
Ramon,m
Ramón,m
Ramona,w
Ramos,m
Ran,m
Rana,w
Rand,m
Randolf,m
Rane,w
Rani,w
Rania,w
Ranim,m
Ranti,w
Ranxin,w
Raphael,m
Raphaël,m
Raphaella,w
Rasheedat,w
Rasim,m
Rasmus,m
Rasul,m
Raul,m
Raúl,m
Ray,m
Rayan,m
Rayan-Rida,m
Raychova,w
Rayen,m
Rayka,m
Raymond,m
Raymund,m
Rayyan,m
Rebas,m
Rebeca,w
Rebecca,w
Redur,m
Redzhail,w
Reem,w
Reenad,w
Regina,w
Regine,w
Rehan,m
Rei,w
Reid,m
Reine,w
Reiner,m
Reinhard,m
Rejan,m
Reka,w
Reman,m
Remas,w
Remo,m
Remy,m
Renaldo,m
Renas,m
Renata,w
Rene,m
René,m
Renee,w
Reneé,w
Renée,w
Renuar,m
Resa,w
Reuben,m
Reyhan,w
Reyna,w
Reyyan,w
Rhena,w
Riad,m
Rian,m
Riana,w
Ricarda,w
Ricardo,m
Riccardo,m
Richard,m
Richie,m
Rickelle,w
Rico,m
Rieke,w
Riem,w
Rifat,m
Rihanna,w
Rik,m
Rika,w
Rikarda,w
Rike,w
Rimaya,w
Rio,m
Rion,m
Rita,w
River,m
Riza,m
Rıza,m
Roaslie,w
Robby,m
Robert,m
Roberto,m
Robin,m
Robinson,m
Robyn,w
Rocco,m
Rock,m
Rocket,w
Rocko,m
Rodin,m
Roemellow,m
Roģerio,m
Rohan,m
Rohat,m
Roj,m
Rojarya,w
Rojda,w
Rojhat,m
Rokan,m
Rokas,m
Roko,m
Rokya,w
Roland,m
Rolf,m
Romain,m
Romaissa,w
Roman,m
Romana,w
Romea,w
Romea-Grace,w
Romeo,m
Romi,w
Romina,w
Romina-Nicola,w
Romy,w
Ron,m
Ronald,m
Ronalda,w
Ronaldo,m
Ronan,m
Ronila,w
Ronja,w
Ronya,w
Rosa,w
Rosali,w
Rosalia,w
Rosalie,w
Rosalin,w
Rosalina,w
Rosaria,w
Rosario,m
Rose,w
Rosé,w
Rosha,w
Rosi,w
Rosie,w
Rosina,w
Ross,m
Roswitha,w
Roudaina,w
Rouven,m
Rouying,w
Roxana,w
Roy,m
Roya,w
Rozana,w
Rozerin,w
Rron,m
Ruben,m
Rubén,m
Ruby,w
Rudi,m
Rüdiger,w
Rudolf,m
Rufus,m
Ruizhi,m
Rukeya,w
Rukie,w
Rukija,w
Rukiye,w
Rumeysa,w
Rümeysa,w
Rune,m
Ruslanovna,w
Rustem,m
Rutavya,w
Ruth,w
Rüya,w
Rüzgar,m
Rüzğar,m
Ryan,m
Saathvik,m
Sabbona,m
Saber,m
Sabian,m
Sabina,w
Sabine,w
Sabri,m
Sabrin,m
Sabrina,w
Sabrinova,w
Sadik,m
Sadiye,w
Sadjad,m
Safa,m
Safet,m
Safi,w
Safia,w
Safir,m
Safiya,w
Safiyya,w
Saga,w
Sahar,w
Sahed,m
Sahel,m
Sahil,m
Said,m
Said-Bernar,m
Saif,w
Saikou,m
Saira,w
Sait,m
Sajan,m
Sajjanpreet,m
Şakire,w
Salah,w
Salem,m
Sali,m
Salih,m
Saliha,w
Salim,m
Salima,w
Salin,w
Salinas,m
Salma,w
Salmen,m
Salome,w
Salomo,m
Salvatore,m
Salvatrice,w
Salvina,w
Sam,m
Sam-Zackaria,m
Samaara,w
Samael,m
Samanta,w
Samantha,w
Samantha-Sue,w
Samar,m
Samara,w
Same,m
Samed,m
Samet,m
Sami,m
Samia,w
Samican,m
Samik,m
Samim,m
Samin,m
Samir,m
Samira,w
Samsédine,w
Samson,m
Samuel,m
Samuela,w
Samy,m
Samyar,m
San,m
Sana,w
Sanda,w
Sandra,w
Sandro,m
Sandro-Luciano,m
Sandy,w
Sanela,w
Sanem,w
Sang,w
Sanije,w
Sanja,w
Sanjo,m
Sanna,w
Santiago,m
Santiano,m
Santijana,w
Santino,m
Saphira,w
Sara,w
Sarah,w
Saray,w
Sardash,m
Sare,w
Sarfoa,w
Sarmad,m
Sarp,m
Sarra,w
Sarwar,m
Sarya,w
Sasa,m
Sascha,m
Sasha,m
Sashova,w
Savannah,w
Savas,m
Savio,m
Savvas,m
Saya,w
Sayid,m
Sayna,w
Sayra,w
Schaima,w
Schamzia,w
Schäng,m
Schayan,m
Schilan,w
Schirin,w
Sean,m
Sebahat,w
Sebastian,m
Sebastiano,m
Seçil,w
Seden,w
Sefkan,m
Seğmen,m
Şehnaz,w
Sehrazat,w
Seid,m
Sejdin,m
Selahaddin,m
Selahattin,m
Selay,w
Selçuk,m
Selen,w
Selena,w
Selenay,w
Selim,m
Selin,w
Selina,w
Selma,w
Selma-Leandra,w
Selvedina,w
Sema,w
Semi,m
Semih,m
Semin,m
Sen,m
Sena,w
Senada,w
Sennur,w
Sepehr,m
Șerafettin,m
Serafin,m
Serafine,w
Sercan,m
Sercan-Özcan,m
Serena,w
Sereno,m
Sergeevna,w
Sergej,m
Sergiu,m
Serhat,m
Serhildan,m
Serin,w
Serra,w
Şervan,m
Servet,m
Sesili,w
Seske,m
Setareh,w
Setcha,w
Sev,w
Sevdalinova,w
Sevde,w
Severdzan,m
Severin,m
Șevra,w
Sevval,w
Şevval,w
Seyfu,m
Seyid,w
Seyidhan,m
Şeyma,w
Seyyid,m
Sezer,m
Shaadi,w
Shadé,w
Shahan,m
Shahd,w
Shahin,m
Shakir,m
Shalyn,w
Shanaya,w
Shania,w
Shannaya,w
Shannea,w
Shanty,w
Sharam,m
Shari,w
Sharifa,w
Shariq,m
Sharon,w
Shayan,m
Shayen,w
Shaz,m
Shehinez,w
Sheila,w
Shelly,w
Shems,m
Sheridan,w
Sherin,w
Sherine,w
Shiloh,w
Shindara,w
Shiraz,m
Shirin,w
Shivan,m
Shne,w
Shno,w
Shokhan,w
Shoko,w
Shourya,m
Shyreen,w
Siar,m
Siavash,m
Sibilla,w
Sidad,m
Sidelya,w
Sidney,w
Sidonie,w
Sidra,w
Sidvik,m
Siegfried,m
Sienna,w
Sigrid,w
Siham,w
Sijam,m
Sikander,m
Sila,w
Silan,w
Silas,m
Silke,w
Silva,w
Silvester,m
Silvia,w
Silvian,m
Silvio,m
Sima,w
Simao,m
Simatori,w
Simay,w
Simeonov,m
Simion,m
Šimo,m
Simon,m
Simón,m
Simona,w
Simone,w
Simran,w
Sina,w
Sinan,m
Sinda,w
Sinem,w
Singh,m
Sinje,w
Sino,m
Sipan,m
Sira,w
Sirac,m
Sirius,m
Sissy,w
Sivan,m
Siwa,w
Sixten,m
Sixtus,m
Siyabend,m
Şiyar,m
Siyuan,m
Sıla,w
Sıraç,m
Sky,m
Sladjan,m
Slavov,m
Slawjana,w
Sloboda,w
Slobodan,m
Small,m
Smila,w
Smilla,w
Sne,m
Snejinka,w
Snežana,w
Soa,m
Soë,w
Sofi,w
Sofia,w
Sofie,w
Sohayb,m
Soheyl,m
Sohrab,m
Soko,m
Sokratis,m
Sol,w
Solan,m
Solano,m
Soleia,w
Soleil,w
Solène,w
Soley,w
Solveig,w
Solvivien,w
Somar,w
Somkieta,w
Sönam,m
Søndergaard,m
Soner,m
Sonia,w
Sonja,w
Sonya,w
Sophia,w
Sophia-Louisa,w
Sophie,w
Sophie-Maria,w
Sophie-Marie,w
Soraiya,w
Soraya,w
Soraya-Aicha,w
Soraya-Amira,w
Sören,m
Sōren,m
Sotirov,m
Soubhi,m
Soufian,m
Souha,w
Souhail,m
Soumaya,w
Soumayya,w
Soviana,w
Sozda,w
Sriram,m
Stacey,w
Stacy,w
Stanislav,m
Stanislawović,m
Stavros,m
Stefan,m
Stefania,w
Stefanie,w
Stefano,m
Stefanos,m
Steffen,m
Stella,w
Stephan,m
Stephanie,w
Stephen,m
Stera,w
Stevan,m
Steve,m
Steven,m
Stina,w
Stipe,m
Stoyanov,m
Stuart,m
Su,w
Suchada,w
Suci,w
Sudarshan,m
Sude,w
Sue,w
Sueda,w
Suel,w
Suela,w
Sueyda,w
Sufian,w
Şuheda,w
Suheil,m
Suhrete,w
Sukhsagar,m
Sükrü,m
Şükür,m
Sulaiman,m
Suleika,w
Suleyman,m
Sultan,m
Sultan,w
Suman,w
Sumaya,w
Sumeja,w
Sumeya,w
Sumeyyah,w
Sümeyye,w
Summer,w
Sun-Il,m
Sun-Ok,w
Suna,w
Sunny,w
Sura,w
Suriya,w
Surodi,w
Susan,w
Susana,w
Susanna,w
Susanne,w
Suwan,m
Suyapa,w
Suzan,w
Svantje,w
Svea,w
Sven,m
Sven-Luca,m
Svenja,w
Sverre,m
Svetlana,w
Svetlanov,m
Svilen,m
Sweja,w
Sybilla,w
Sylvester,m
Sylvi,w
Sylvia,w
Sylvie,w
Sylwia,w
Syntia,w
Szantino,m
Tabea,w
Tabitha,w
Tadeusz,m
Taha,m
Tahara,w
Tahir,m
Tahnee,w
Tai,m
Taiem,m
Taisia,w
Taisija,w
Taíssa,w
Taiwo,w
Tak,m
Takumi,m
Talha,m
Talia,w
Talien,w
Talin,w
Talina,w
Talisa,w
Talisha,w
Talya,w
Tamara,w
Tamarina,w
Tamay,w
Tamina,w
Tamino,m
Tamir,m
Tamira,w
Tamo,m
Tan,m
Tanel,m
Tanem,w
Taner,m
Tania,w
Taniel,w
Tanitani,w
Tanja,w
Tara,w
Tarek,m
Tarik,m
Tarık,m
Tarja,w
Tasniem,w
Tasnim,w
Tassnim,w
Tatjana,w
Tato,m
Tawan,m
Taya,w
Tayanç-Bilal,m
Tayla,w
Taylan,m
Tayler,m
Tayler-Mert,m
Taylor,m
Tayo,m
Tayssir,w
Tayyip,m
Teddi,m
Teetje,w
Temenuzhkov,m
Temmogin,m
Tenorio,m
Tenzin,m
Teo,m
Teoman,m
Teresa,w
Tereza,w
Tessa,w
Tesslin,w
Teyfik,m
Thaddäus,m
Thammarat,m
Thanh,m
Thåo,w
The-Huy,m
Thea,w
Thea-Luzia,w
Theda,w
Thees,m
Thekla,w
Theo,m
Théo,m
Theobald,m
Theobald,w
Theodor,m
Theodora,w
Theodoros,m
Theon,m
Theophil,m
Theres,w
Theresa,w
Therese,w
Thérèse,w
Theresia,w
Thersia,w
Thiago,m
Thiago-Jonas,m
Thibault,m
Thiên,w
Thierno,m
Thierry,m
Thies,m
Thilo,m
Thomas,m
Thommy,m
Thore,m
Thorsen,w
Thorsten,m
Thư,w
Thulasimaaran,m
Thushe,w
Tia,w
Tiago,m
Tian,m
Tiana,w
Tiara,w
Tiberius,m
Tibor,m
Tiên,w
Tiffany,w
Tihomir,m
Tihomirov,m
Tiju,w
Til,m
Tilda,w
Tilda-Milena,w
Till,m
Tilla,w
Tillmann,m
Tilman,m
Tilmann,m
Tilo,m
Tim,m
Timar,m
Timo,m
Timon,m
Timothy,m
Timucin,m
Timur,m
Timurçin,m
Tina,w
Tine,w
Tino,m
Tita,w
Tito,m
Titos,m
Titus,m
Titusz,m
Tizian,m
Tjerk,m
Tobenna,m
Tobia,m
Tobias,m
Tóc,w
Toivo,m
Tolga,m
Tom,m
Tomas,m
Tomás,m
Tomasz,m
Tomek,m
Tomislav,m
Tommaso,w
Tommy,m
Tomonori,m
Tong,w
Toni,m
Tonio,m
Tony,m
Toprak,m
Torben,m
Torsten,m
Tosia,w
Trí,m
Trinh,w
Trisha,w
Tristan,m
Tsetskova,w
Tsvetelinov,m
Tsvetelinova,w
Tuana,w
Tuana-Şebnem,w
Tuba,w
Tudor,m
Tugra,m
Tuğra,m
Tümay,w
Tuna,m
Tunahan,m
Tunç,m
Tura,m
Turan,m
Turkijan,m
Tutgu,w
Tuula,w
Tuvia,m
Tyler,m
Tymek,m
Tyrese,m
Tyron,m
Tyrone,m
Uan,m
Uanongovandu,w
Udo,m
Ugur,m
Uğur,m
Uğurkan,m
Ugyen,m
Ulf,m
Ulfert,m
Ulises,m
Ulrich,m
Ulrike,w
Umama,w
Umar,m
Ümit,m
Umut,m
Umut,w
Umutcan,m
Umuthan,m
Una,w
Undine,w
Urs,m
Ursula,w
Uschi,w
Ute,w
Utkan,m
Utku,m
Uwais,m
Uwe,m
Uyen,w
Vahe,m
Vaia,w
Vakkas,m
Valencia,w
Valentin,m
Valentina,w
Valentine,w
Valentino,m
Valentinov,m
Valeria,w
Valerie,w
Valérie,w
Valeriy,m
Valery,w
Valesija,w
Valeska,w
Valyana,w
Vanénia,w
Vanessa,w
Vanity,w
Vanora,w
Vany,w
Varvara,w
Vasillios,m
Vassilij,m
Vea,w
Veenya,w
Vefâ,m
Veit,m
Veith,m
Veli,m
Venet,m
Venezia,w
Venicius,m
Vera,w
Vera-Nina,w
Veranika,w
Veren,m
Verena,w
Verona,w
Veronica,w
Veronika,w
Versace,m
Veselin,m
Viana,w
Viatcheslav,m
Vicco,m
Vicente,m
Victor,m
Victor-Damian,m
Victoria,w
Victorine,w
Victorio,m
Vida,w
Vidar,m
Videl,m
Viggo,m
Viktor,m
Viktoria,w
Viktorija,w
Viktorovič,m
Vili,m
Vina,w
Vince,m
Vincent,m
Vincent-Aurin,m
Vincenz,m
Vincenza,w
Vincenzo,m
Vindar,m
Vinh,m
Vinícius,m
Vinz,m
Vinzent,m
Viola,w
Violetta,w
Viona,w
Virginia,w
Vital'evič,m
Vitali,m
Vitalia,w
Vithees,m
Vito,m
Vitoria,w
Vittoria,w
Vitus,m
Viviane,w
Vivien,w
Vladimir,m
Vladimirovič,m
Vladislav,m
Vladislaw,m
Voka,w
Volkan,m
Volker,m
Vornamen,w
Vuong,m
Wa,m
Wadimovna,w
Wadud,m
Wagih,m
Wajdi,m
Waldemar,m
Walid,m
Walter,m
Walther,m
Waltraud,w
Wanja,m
Warel,m
Waris,w
Washington,m
Wasila,w
Wassilissa,w
Wassim,m
Welly,w
Wendelin,m
Wera-Rosa,w
Werner,m
Wiebke,w
Wieland,m
Wiggo,m
Wihelm,m
Wiiliam,m
Wiktor,m
Wilhelm,m
Wilhelmine,w
Willem,m
Willi,m
William,m
William-Luciano,m
Willy,m
Wilma,w
Wilu,m
Wim,m
Winfried,m
Winsome,w
Wisdom,m
Witalij,m
Wladimir,m
Wladislaw,m
Wojciech,m
Wolfgang,m
Wotan,m
Wyatt,m
Wynn,m
Xabier,m
Xander,m
Xane,w
Xaver,m
Xavi,m
Xavier,m
Xenia,w
Xhania,w
Xhemë,m
Xheneta,w
Xinyue,w
Yad,m
Yade,w
Yadigar,w
Yael,w
Yağız,m
Yağmur,w
Yahya,m
Yakub,m
Yaman,m
Yan,m
Yan-Peng,m
Yaniv,m
Yanni,w
Yannic,m
Yannick,m
Yannik,m
Yara,w
Yaren,w
Yari,m
Yarie,w
Yasar,m
Yaşar,m
Yasemin,w
Yaser,m
Yashar,m
Yasin,m
Yasir,m
Yasmin,w
Yasmine,w
Yassamine,w
Yassin,m
Yassine,m
Yassir,m
Yau,w
Yavuz,m
Yaxkin,m
Yazan,m
Yazel,w
Yelda,w
Yemisi,w
Yengo-Mpela,w
Yessin,m
Yevgen'jevič,m
Yianna,w
Yifang,w
Yigit,m
Yiğit,m
Yiğitkaan,m
Yihang,m
Yilin,w
Yilmaz,m
Yiran,w
Yisehak,m
Yitong,w
Yılmaz,m
Ylvi,w
Ylvie,w
Yohan,m
Yoko,w
Yol,m
Yolanda,w
Yonah,m
Yong-Rui,m
Yoni,w
Yookie,m
Yordan,m
York,m
Yoshiro,m
Yosr,w
Youke,w
Younes,m
Youness,m
Younis,m
Yousri,m
Youssef,m
Ysssmine,w
Yu,m
Yuan,w
Yuchen,w
Yue,m
Yuel,m
Yufan,m
Yuki,w
Yul,m
Yuma,m
Yun,w
Yuna,w
Yunel,m
Yunkai,m
Yunus,m
Yuqi,w
Yur`evna,w
Yuri,m
Yusa,m
Yüsra,w
Yusuf,m
Yuta,m
Yuval,m
Yuvraj,m
Yuxuan,w
Yuzdzhan,m
Yven,m
Yves,m
Yvonne,w
Zaamiya,w
Zafer-Elias,m
Zahira-Rugaya,w
Zahra,w
Zahratala,w
Zaida,w
Zaido,m
Zainab,w
Zaisha,w
Zakaria,m
Zakariya,m
Zalal,w
Zalman,m
Zana,w
Zapan,m
Zara,w
Zari,w
Zarina,w
Zaven,m
Zayd,m
Zayed,m
Zaynab,w
Zehra,w
Zeki,m
Zekıye,w
Zélie,w
Zeliha,w
Željan,m
Zena,w
Zénaïde,w
Zeno,m
Zerufael,m
Zeyneb-Nur,w
Zeynel,m
Zeynep,w
Zeynepgül,w
Zhivkova,w
Zhuoyuan,m
Zi,m
Zilal,w
Zilan,w
Zina,w
Zinedine,m
Zion,m
Zişan,w
Zita,w
Ziva,w
Zlatkova,w
Zoe,w
Zoé,w
Zoë,w
Zoe-Carrie,w
Zoé-Marie,w
Zoey,w
Zoéy-Ann,w
Zofia,w
Zoi,w
Zölestin,m
Zornitsa,w
Zübeyir,m
Zülal,w
Zuli,w
Zumoruda,w
Zümra,w
Zümrüt,w
Zuri,w
Zuzanna,w
Zvezditsov,m
